FIPS,Countyname,FiveYearAgeGroups,NetMig9500,NetMig0010,NetMig1020,Rate9500,Rate0010,Rate1020
1,Adams,0,0,-837,243,0,-0.0223,0.006222473
1,Adams,5,3229,441,2077,0.114046551,0.0119,0.052967128
1,Adams,10,2014,4186,2717,0.075413765,0.1253,0.064558285
1,Adams,15,1522,1636,1939,0.05922179,0.0542,0.047178763
1,Adams,20,5339,3226,2123,0.205180431,0.1086,0.055213128
1,Adams,25,8663,10418,3384,0.298847799,0.2916,0.091085271
1,Adams,30,5704,9718,5610,0.188942992,0.2699,0.149867764
1,Adams,35,3429,4551,4406,0.115248882,0.1329,0.104583541
1,Adams,40,2330,2250,2130,0.080995585,0.0718,0.052349587
1,Adams,45,973,499,1749,0.040772712,0.0165,0.046878769
1,Adams,50,1132,1077,358,0.054863568,0.0381,0.01085638
1,Adams,55,640,1173,949,0.044577558,0.05,0.03076973
1,Adams,60,-143,635,-456,-0.012748507,0.0334,-0.016510971
1,Adams,65,-221,-42,-743,-0.024536472,-0.0034,-0.0339161
1,Adams,70,59,-232,-1211,0.00794185,-0.0258,-0.072833343
1,Adams,75,-59,-92,-569,-0.010819732,-0.0134,-0.055157038
1,Adams,80,226,50,-120,0.073186528,0.0104,-0.018126888
1,Adams,85,537,596,-17,0.323688969,0.1514,-0.002522255
3,Alamosa,0,0,-56,8,0,-0.0461,0.007407407
3,Alamosa,5,-43,-157,89,-0.037229437,-0.1483,0.074228524
3,Alamosa,10,-121,-70,56,-0.100665557,-0.0726,0.043444531
3,Alamosa,15,205,167,425,0.13015873,0.1268,0.280158207
3,Alamosa,20,161,417,633,0.105504587,0.2588,0.401395054
3,Alamosa,25,-309,-450,-302,-0.325605901,-0.4076,-0.314255983
3,Alamosa,30,-179,-614,-256,-0.201803833,-0.685,-0.262564103
3,Alamosa,35,8,-98,0,0.007759457,-0.1168,0
3,Alamosa,40,0,-76,43,0,-0.0957,0.047200878
3,Alamosa,45,-102,13,17,-0.094707521,0.0129,0.019653179
3,Alamosa,50,-76,19,56,-0.082698585,0.0169,0.07079646
3,Alamosa,55,75,-3,19,0.120772947,-0.0029,0.019250253
3,Alamosa,60,42,3,5,0.081553398,0.0032,0.004686036
3,Alamosa,65,5,8,-52,0.011574074,0.0132,-0.055378062
3,Alamosa,70,15,0,-63,0.043859649,-0.0005,-0.087743733
3,Alamosa,75,17,-25,-58,0.065891473,-0.0813,-0.130925508
3,Alamosa,80,0,15,-32,0,0.0634,-0.10738255
3,Alamosa,85,-4,-6,-22,-0.029850746,-0.0277,-0.077464789
5,Arapahoe,0,0,184,498,0,0.0045,0.011500092
5,Arapahoe,5,2399,2400,1764,0.065753049,0.058,0.040756914
5,Arapahoe,10,2677,6591,3722,0.070012554,0.1638,0.080723519
5,Arapahoe,15,-220,2625,1717,-0.0064168,0.0672,0.03803132
5,Arapahoe,20,591,-3246,-920,0.019548822,-0.0931,-0.022771714
5,Arapahoe,25,8595,8904,2059,0.227905497,0.2075,0.044233909
5,Arapahoe,30,5108,11926,12486,0.13533994,0.2859,0.241972055
5,Arapahoe,35,1979,4263,8030,0.046913522,0.1023,0.144149643
5,Arapahoe,40,2237,3118,3574,0.050677359,0.0769,0.073783522
5,Arapahoe,45,1275,1124,3677,0.031232394,0.0264,0.079185959
5,Arapahoe,50,-938,-363,2068,-0.02718289,-0.0085,0.046762997
5,Arapahoe,55,-1575,-2053,2796,-0.069894382,-0.0551,0.063879369
5,Arapahoe,60,-544,-2398,72,-0.03453749,-0.0787,0.001768477
5,Arapahoe,65,-563,-1520,-842,-0.046109746,-0.0784,-0.024965902
5,Arapahoe,70,-156,-619,-1794,-0.014740622,-0.0469,-0.067077958
5,Arapahoe,75,283,149,-776,0.031146819,0.0149,-0.046902387
5,Arapahoe,80,303,503,-126,0.054165177,0.0653,-0.012362637
5,Arapahoe,85,924,2275,188,0.286422815,0.2907,0.017241379
7,Archuleta,0,0,2,-8,0,0.004,-0.014010508
7,Archuleta,5,163,37,116,0.244011976,0.0584,0.170337739
7,Archuleta,10,119,192,234,0.146732429,0.2667,0.309933775
7,Archuleta,15,-44,22,239,-0.058666667,0.0326,0.351988218
7,Archuleta,20,-102,-350,38,-0.247572816,-0.7651,0.062602965
7,Archuleta,25,65,-182,-22,0.140692641,-0.3257,-0.03672788
7,Archuleta,30,105,177,204,0.217842324,0.3102,0.364285714
7,Archuleta,35,125,126,281,0.164473684,0.2194,0.375668449
7,Archuleta,40,154,174,298,0.170921199,0.2694,0.392621871
7,Archuleta,45,151,202,274,0.156801661,0.2134,0.36977058
7,Archuleta,50,227,240,291,0.256207675,0.2162,0.359259259
7,Archuleta,55,233,273,296,0.326788219,0.2269,0.273062731
7,Archuleta,60,106,429,228,0.20662768,0.336,0.187654321
7,Archuleta,65,126,159,276,0.270386266,0.1926,0.21835443
7,Archuleta,70,-19,56,87,-0.054131054,0.1062,0.072621035
7,Archuleta,75,-23,-36,55,-0.112745098,-0.0969,0.079479769
7,Archuleta,80,-24,-35,26,-0.244897959,-0.1478,0.065822785
7,Archuleta,85,-19,79,25,-0.37254902,0.4244,0.071022727
9,Baca,0,0,13,13,0,0.0598,0.062801932
9,Baca,5,-4,23,40,-0.014981273,0.1117,0.178571429
9,Baca,10,-11,-25,35,-0.033333333,-0.1022,0.156950673
9,Baca,15,-58,-20,-2,-0.171597633,-0.08,-0.011299435
9,Baca,20,-98,-193,-41,-0.616352201,-1.4777,-0.241176471
9,Baca,25,37,-137,-45,0.191709845,-0.6918,-0.254237288
9,Baca,30,8,2,54,0.038461538,0.0136,0.45
9,Baca,35,14,-19,49,0.050909091,-0.1102,0.24137931
9,Baca,40,-40,-6,51,-0.116959064,-0.0294,0.3
9,Baca,45,13,-15,31,0.03880597,-0.0574,0.172222222
9,Baca,50,27,-37,25,0.096085409,-0.1264,0.124378109
9,Baca,55,31,-22,25,0.117424242,-0.075,0.099206349
9,Baca,60,-4,2,3,-0.017621145,0.0095,0.010989011
9,Baca,65,13,4,-19,0.054621849,0.0184,-0.073643411
9,Baca,70,-5,-7,-3,-0.020746888,-0.0356,-0.014354067
9,Baca,75,-13,-17,-24,-0.057017544,-0.0979,-0.138728324
9,Baca,80,7,-21,-17,0.04375,-0.1461,-0.136
9,Baca,85,63,-11,-9,0.692307692,-0.0572,-0.052023121
11,Bent,0,0,-24,20,0,-0.0836,0.063897764
11,Bent,5,-73,-28,69,-0.20505618,-0.0972,0.281632653
11,Bent,10,49,-22,31,0.114219114,-0.0685,0.10915493
11,Bent,15,57,-66,2,0.131639723,-0.2292,0.007518797
11,Bent,20,94,37,155,0.234413965,0.0816,0.371702638
11,Bent,25,158,164,228,0.404092072,0.2801,0.488222698
11,Bent,30,137,96,170,0.339950372,0.1897,0.327552987
11,Bent,35,155,125,11,0.323590814,0.2384,0.019572954
11,Bent,40,44,110,-69,0.094623656,0.2156,-0.165467626
11,Bent,45,42,72,-102,0.101449275,0.1319,-0.262210797
11,Bent,50,71,39,-160,0.18537859,0.08,-0.481927711
11,Bent,55,40,44,-86,0.145454545,0.1038,-0.21182266
11,Bent,60,-24,56,-28,-0.103896104,0.1437,-0.068126521
11,Bent,65,46,28,-37,0.167272727,0.1065,-0.108504399
11,Bent,70,39,15,-60,0.178899083,0.0749,-0.211267606
11,Bent,75,7,-26,-34,0.033333333,-0.1417,-0.180851064
11,Bent,80,13,-17,-28,0.094890511,-0.1468,-0.215384615
11,Bent,85,51,-46,-7,0.62962963,-0.3747,-0.046979866
13,Boulder,0,0,-117,328,0,-0.0072,0.021049929
13,Boulder,5,869,-193,2169,0.050896099,-0.0106,0.127475757
13,Boulder,10,-243,1209,3491,-0.013596688,0.0683,0.175207026
13,Boulder,15,3361,4595,8109,0.15128736,0.2085,0.302303907
13,Boulder,20,7448,12154,15835,0.291735213,0.4033,0.460065661
13,Boulder,25,-2375,-698,-1763,-0.103856918,-0.0343,-0.083792776
13,Boulder,30,-599,-7606,-10882,-0.026661325,-0.3951,-0.567983715
13,Boulder,35,22,-3005,545,0.000985001,-0.15,0.025841631
13,Boulder,40,225,-733,2266,0.00920735,-0.035,0.104660293
13,Boulder,45,-539,-1090,2772,-0.023123123,-0.0497,0.123342529
13,Boulder,50,-461,-1789,1496,-0.023498828,-0.0794,0.065758242
13,Boulder,55,-541,-2284,1763,-0.043579829,-0.1139,0.077044094
13,Boulder,60,-751,-2009,341,-0.089607445,-0.1263,0.015249765
13,Boulder,65,-222,-999,-513,-0.036233067,-0.0984,-0.027167293
13,Boulder,70,-114,-350,-1134,-0.022718214,-0.0514,-0.079842287
13,Boulder,75,115,-137,-490,0.027724204,-0.0276,-0.05697012
13,Boulder,80,143,284,-43,0.047858099,0.0749,-0.008251775
13,Boulder,85,403,1405,99,0.224013341,0.3445,0.018435754
14,Broomfield,0,0,410,7,0,0.105,0.00167304
14,Broomfield,5,800,2025,466,0.251889169,0.4633,0.111084625
14,Broomfield,10,886,1068,976,0.270629584,0.2646,0.191222571
14,Broomfield,15,2442,329,688,0.853372947,0.0924,0.12589204
14,Broomfield,20,2700,-194,753,1.400414938,-0.063,0.142802958
14,Broomfield,25,3144,885,993,1.220970874,0.2429,0.18453819
14,Broomfield,30,2553,2111,1508,0.762623245,0.5148,0.291232136
14,Broomfield,35,1726,1826,1263,0.456844056,0.4103,0.232254505
14,Broomfield,40,1278,1273,983,0.328913491,0.2814,0.179085444
14,Broomfield,45,217,616,870,0.069595895,0.1379,0.160457396
14,Broomfield,50,336,365,322,0.131208447,0.0874,0.062927497
14,Broomfield,55,50,403,352,0.032956059,0.1191,0.073624765
14,Broomfield,60,-447,364,101,-0.432301741,0.1338,0.023990499
14,Broomfield,65,-222,495,-65,-0.263376932,0.27,-0.02
14,Broomfield,70,-28,434,-115,-0.037722908,0.3368,-0.042958536
14,Broomfield,75,28,362,-46,0.055555556,0.3582,-0.026151222
14,Broomfield,80,185,300,41,0.629692833,0.393,0.037137681
14,Broomfield,85,470,393,30,3.884297521,0.5985,0.024752475
15,Chaffee,0,0,58,105,0,0.0768,0.117977528
15,Chaffee,5,96,98,320,0.114695341,0.1186,0.32586558
15,Chaffee,10,79,92,333,0.080530071,0.1132,0.319577735
15,Chaffee,15,-125,71,305,-0.124131082,0.0782,0.308392315
15,Chaffee,20,-169,-162,582,-0.1834962,-0.1989,0.46300716
15,Chaffee,25,196,68,415,0.194444444,0.0641,0.322706065
15,Chaffee,30,144,111,331,0.151578947,0.1091,0.320736434
15,Chaffee,35,221,10,469,0.176517572,0.0094,0.336441894
15,Chaffee,40,150,183,227,0.111441308,0.163,0.182182986
15,Chaffee,45,100,127,232,0.072992701,0.095,0.200692042
15,Chaffee,50,187,186,135,0.147476341,0.1249,0.10904685
15,Chaffee,55,116,308,170,0.113391984,0.1906,0.12195122
15,Chaffee,60,94,331,110,0.10994152,0.216,0.073578595
15,Chaffee,65,94,270,79,0.111506524,0.2238,0.050254453
15,Chaffee,70,-16,75,-13,-0.020860495,0.0911,-0.00933908
15,Chaffee,75,-69,-51,-5,-0.124324324,-0.0782,-0.004965243
15,Chaffee,80,-87,-118,10,-0.258928571,-0.2526,0.016474465
15,Chaffee,85,-7,-27,-1,-0.037837838,-0.0684,-0.001594896
17,Cheyenne,0,0,14,10,0,0.1114,0.091743119
17,Cheyenne,5,-59,15,27,-0.395973154,0.1214,0.181208054
17,Cheyenne,10,-20,-28,30,-0.091743119,-0.2537,0.214285714
17,Cheyenne,15,-41,-18,2,-0.21025641,-0.1359,0.018348624
17,Cheyenne,20,-40,-141,-3,-0.454545455,-1.9389,-0.037037037
17,Cheyenne,25,-17,-87,-15,-0.186813187,-0.8315,-0.157894737
17,Cheyenne,30,-26,6,49,-0.240740741,0.0609,0.710144928
17,Cheyenne,35,-18,-2,46,-0.093264249,-0.0203,0.410714286
17,Cheyenne,40,-17,-9,28,-0.090909091,-0.0886,0.256880734
17,Cheyenne,45,-45,-47,31,-0.251396648,-0.324,0.316326531
17,Cheyenne,50,-19,-43,19,-0.147286822,-0.3107,0.180952381
17,Cheyenne,55,-34,-16,16,-0.390804598,-0.1024,0.109589041
17,Cheyenne,60,3,-9,11,0.0375,-0.079,0.082706767
17,Cheyenne,65,-15,-6,-7,-0.1875,-0.0858,-0.050359712
17,Cheyenne,70,-11,8,-13,-0.129411765,0.1014,-0.146067416
17,Cheyenne,75,-12,-5,3,-0.142857143,-0.1083,0.057692308
17,Cheyenne,80,11,-10,-9,0.183333333,-0.1755,-0.191489362
17,Cheyenne,85,13,4,8,0.351351351,0.0495,0.153846154
19,Clear Creek,0,0,-14,31,0,-0.0327,0.062
19,Clear Creek,5,-107,-98,100,-0.183848797,-0.2349,0.220264317
19,Clear Creek,10,55,-118,106,0.094501718,-0.2846,0.195571956
19,Clear Creek,15,-37,-123,58,-0.064347826,-0.2724,0.119341564
19,Clear Creek,20,-313,-295,16,-0.8767507,-1.055,0.037037037
19,Clear Creek,25,-60,-161,20,-0.127659574,-0.3951,0.041322314
19,Clear Creek,30,-165,169,185,-0.25621118,0.3258,0.444711538
19,Clear Creek,35,11,172,132,0.012557078,0.2754,0.244444444
19,Clear Creek,40,-159,75,129,-0.152007648,0.1046,0.209076175
19,Clear Creek,45,62,-48,107,0.055555556,-0.0578,0.154401154
19,Clear Creek,50,-213,7,9,-0.230519481,0.0065,0.012162162
19,Clear Creek,55,-56,-73,21,-0.093333333,-0.0731,0.026481715
19,Clear Creek,60,-34,-64,-62,-0.085427136,-0.0781,-0.068888889
19,Clear Creek,65,-21,-36,-162,-0.0875,-0.0701,-0.202753442
19,Clear Creek,70,-97,-77,-177,-0.557471264,-0.2684,-0.293046358
19,Clear Creek,75,-35,-21,-129,-0.286885246,-0.1161,-0.353424658
19,Clear Creek,80,-42,-38,-53,-0.56,-0.4095,-0.273195876
19,Clear Creek,85,3,-23,-15,0.096774194,-0.3175,-0.092592593
21,Conejos,0,0,37,20,0,0.0574,0.034129693
21,Conejos,5,62,31,90,0.088319088,0.0495,0.149750416
21,Conejos,10,111,15,65,0.134872418,0.022,0.097597598
21,Conejos,15,-103,-46,-40,-0.133766234,-0.0703,-0.073664825
21,Conejos,20,-220,-371,-166,-0.484581498,-0.8277,-0.355460385
21,Conejos,25,-63,-335,-122,-0.151079137,-0.7785,-0.266375546
21,Conejos,30,4,-40,36,0.009009009,-0.0986,0.094488189
21,Conejos,35,-36,13,92,-0.066543438,0.0298,0.218527316
21,Conejos,40,23,34,80,0.0395189,0.072,0.194647202
21,Conejos,45,19,30,60,0.032367973,0.054,0.141843972
21,Conejos,50,20,34,42,0.043290043,0.0565,0.089552239
21,Conejos,55,-12,36,50,-0.034985423,0.0595,0.091407678
21,Conejos,60,1,66,3,0.00273224,0.1327,0.005376344
21,Conejos,65,-12,51,-41,-0.031413613,0.1425,-0.076635514
21,Conejos,70,2,-10,-44,0.006289308,-0.0318,-0.108108108
21,Conejos,75,-13,-35,-26,-0.053719008,-0.13,-0.09352518
21,Conejos,80,1,-44,-20,0.005882353,-0.2757,-0.093023256
21,Conejos,85,-29,-69,-27,-0.292929293,-0.4348,-0.115384615
23,Costilla,0,0,12,18,0,0.0687,0.094736842
23,Costilla,5,2,-7,41,0.008333333,-0.0338,0.218085106
23,Costilla,10,-3,-3,57,-0.01010101,-0.0159,0.271428571
23,Costilla,15,-53,4,6,-0.201520913,0.0165,0.02970297
23,Costilla,20,-94,-150,-16,-0.61038961,-1.0353,-0.096385542
23,Costilla,25,-43,-123,-17,-0.279220779,-0.8913,-0.082524272
23,Costilla,30,-44,-2,57,-0.237837838,-0.0156,0.318435754
23,Costilla,35,-27,0,87,-0.114893617,0.0013,0.455497382
23,Costilla,40,19,7,43,0.066666667,0.039,0.223958333
23,Costilla,45,55,15,50,0.180327869,0.062,0.282485876
23,Costilla,50,40,27,35,0.153846154,0.0901,0.169082126
23,Costilla,55,56,12,23,0.21875,0.0395,0.093495935
23,Costilla,60,6,63,20,0.02764977,0.2067,0.069204152
23,Costilla,65,12,69,-13,0.060301508,0.2315,-0.04797048
23,Costilla,70,-33,18,-5,-0.204968944,0.0848,-0.018939394
23,Costilla,75,-39,-15,-39,-0.32231405,-0.1077,-0.170305677
23,Costilla,80,-19,-30,-12,-0.234567901,-0.3121,-0.083333333
23,Costilla,85,1,-41,-18,0.027777778,-0.5744,-0.141732283
25,Crowley,0,0,12,9,0,0.0657,0.042056075
25,Crowley,5,31,-6,15,0.116541353,-0.0291,0.066666667
25,Crowley,10,-8,22,-6,-0.028673835,0.0911,-0.03
25,Crowley,15,-56,0,-3,-0.181229773,0.0017,-0.015384615
25,Crowley,20,184,200,173,0.473007712,0.4197,0.455263158
25,Crowley,25,299,319,284,0.720481928,0.5126,0.481355932
25,Crowley,30,204,186,89,0.407185629,0.3212,0.145901639
25,Crowley,35,254,102,-44,0.428330523,0.199,-0.073701843
25,Crowley,40,184,4,-84,0.349809886,0.009,-0.15412844
25,Crowley,45,163,-16,6,0.415816327,-0.029,0.012024048
25,Crowley,50,171,-55,-127,0.518181818,-0.1206,-0.334210526
25,Crowley,55,77,21,-109,0.361502347,0.0531,-0.293010753
25,Crowley,60,-1,-21,-94,-0.007194245,-0.0723,-0.272463768
25,Crowley,65,7,40,-102,0.048611111,0.1807,-0.434042553
25,Crowley,70,54,36,-57,0.364864865,0.2598,-0.292307692
25,Crowley,75,9,-11,-28,0.081818182,-0.1115,-0.186666667
25,Crowley,80,0,5,-16,0,0.06,-0.164948454
25,Crowley,85,9,3,7,0.166666667,0.0418,0.067961165
27,Custer,0,0,23,29,0,0.1717,0.159340659
27,Custer,5,70,42,101,0.336538462,0.2242,0.512690355
27,Custer,10,82,47,115,0.35042735,0.1947,0.545023697
27,Custer,15,-39,11,95,-0.189320388,0.0498,0.390946502
27,Custer,20,-36,-145,54,-0.342857143,-1.7149,0.20610687
27,Custer,25,28,-76,83,0.277227723,-0.6006,0.300724638
27,Custer,30,63,61,193,0.428571429,0.3824,0.910377358
27,Custer,35,56,87,176,0.220472441,0.4737,0.730290456
27,Custer,40,125,74,115,0.394321767,0.3417,0.469387755
27,Custer,45,97,22,96,0.264305177,0.0805,0.396694215
27,Custer,50,52,118,42,0.153846154,0.2765,0.167330677
27,Custer,55,35,158,101,0.12455516,0.3135,0.350694444
27,Custer,60,87,202,15,0.346613546,0.3879,0.03440367
27,Custer,65,41,135,57,0.190697674,0.3444,0.114688129
27,Custer,70,-8,18,8,-0.057971014,0.0708,0.016326531
27,Custer,75,12,-5,-7,0.121212121,-0.0279,-0.020895522
27,Custer,80,15,-16,-5,0.405405405,-0.1671,-0.026595745
27,Custer,85,6,-12,-9,0.352941176,-0.2545,-0.059602649
29,Delta,0,0,12,98,0,0.0068,0.060907396
29,Delta,5,-110,230,334,-0.061728395,0.1239,0.199402985
29,Delta,10,-49,361,300,-0.024102312,0.1841,0.157977883
29,Delta,15,-128,218,183,-0.067976633,0.1092,0.107080164
29,Delta,20,-454,-598,-77,-0.396160558,-0.419,-0.053176796
29,Delta,25,-37,-275,-140,-0.029272152,-0.1731,-0.099009901
29,Delta,30,-9,434,447,-0.006423983,0.2799,0.342266462
29,Delta,35,179,339,397,0.098405717,0.215,0.237724551
29,Delta,40,162,351,272,0.077623383,0.2043,0.164251208
29,Delta,45,197,337,229,0.092185307,0.1596,0.138535995
29,Delta,50,184,439,84,0.089756098,0.179,0.047217538
29,Delta,55,165,433,218,0.099099099,0.1749,0.101821579
29,Delta,60,190,479,82,0.121250798,0.1991,0.033606557
29,Delta,65,232,466,42,0.152732061,0.2387,0.01754386
29,Delta,70,70,200,17,0.053557766,0.1289,0.007830493
29,Delta,75,15,-77,-22,0.01350135,-0.0663,-0.013673089
29,Delta,80,-12,-109,-31,-0.015132409,-0.1364,-0.027531083
29,Delta,85,13,-105,4,0.026639344,-0.1286,0.003666361
31,Denver,0,0,-6236,-882,0,-0.1425,-0.018584071
31,Denver,5,-8994,-13615,-3264,-0.260002313,-0.362,-0.070388821
31,Denver,10,-6309,-6869,-2275,-0.200330232,-0.2241,-0.052229212
31,Denver,15,-3190,-2653,958,-0.098405158,-0.0839,0.023494212
31,Denver,20,5088,15389,13685,0.11104806,0.3307,0.291306569
31,Denver,25,5848,33584,27811,0.095746423,0.5128,0.471604687
31,Denver,30,-6912,12126,23728,-0.130341316,0.2104,0.345039189
31,Denver,35,-9118,-12084,7377,-0.20068671,-0.2454,0.097090062
31,Denver,40,-7168,-11544,-3307,-0.174005923,-0.2806,-0.056620895
31,Denver,45,-4701,-7545,-3617,-0.122453764,-0.2062,-0.077108382
31,Denver,50,-3281,-3340,-3038,-0.09822471,-0.0931,-0.076056479
31,Denver,55,-2279,-2485,92,-0.100498302,-0.0741,0.002531924
31,Denver,60,-1414,-2248,-396,-0.082694894,-0.0785,-0.011330148
31,Denver,65,-1358,-1295,-655,-0.089471604,-0.0684,-0.020624724
31,Denver,70,-1065,-1031,-1580,-0.069653368,-0.076,-0.062985848
31,Denver,75,-532,-1029,-844,-0.037840529,-0.0948,-0.055794275
31,Denver,80,-490,-1203,-280,-0.052417629,-0.1275,-0.029270332
31,Denver,85,-997,-3377,-176,-0.180517835,-0.3479,-0.016864699
33,Dolores,0,0,10,8,0,0.0744,0.082474227
33,Dolores,5,27,20,34,0.247706422,0.1552,0.314814815
33,Dolores,10,16,32,35,0.128,0.2576,0.243055556
33,Dolores,15,-49,-3,13,-0.401639344,-0.0279,0.098484848
33,Dolores,20,-52,-50,0,-0.604651163,-0.6572,0
33,Dolores,25,-2,-20,5,-0.023809524,-0.1987,0.052083333
33,Dolores,30,31,34,52,0.264957265,0.2979,0.611764706
33,Dolores,35,25,43,47,0.211864407,0.3476,0.415929204
33,Dolores,40,30,20,30,0.179640719,0.1497,0.25
33,Dolores,45,14,18,24,0.088050314,0.1363,0.184615385
33,Dolores,50,10,14,12,0.074074074,0.0795,0.086330935
33,Dolores,55,20,7,14,0.175438596,0.045,0.108527132
33,Dolores,60,9,44,-10,0.085714286,0.2664,-0.065359477
33,Dolores,65,-5,31,-19,-0.055555556,0.2267,-0.153225806
33,Dolores,70,6,12,-34,0.071428571,0.1219,-0.274193548
33,Dolores,75,-8,-6,-29,-0.142857143,-0.089,-0.318681319
33,Dolores,80,0,-14,-19,0,-0.271,-0.322033898
33,Dolores,85,-5,-23,-14,-0.185185185,-0.5378,-0.24137931
35,Douglas,0,0,2008,-234,0,0.093,-0.012058126
35,Douglas,5,6151,7102,2219,0.358972863,0.2676,0.108891942
35,Douglas,10,4197,7754,4418,0.28182917,0.3086,0.166478258
35,Douglas,15,1152,2517,2837,0.109183964,0.128,0.09787146
35,Douglas,20,-728,-4742,-386,-0.129192547,-0.4692,-0.019902037
35,Douglas,25,8001,3617,-720,0.676502917,0.2575,-0.038147716
35,Douglas,30,10166,13353,5029,0.585160882,0.7102,0.271046675
35,Douglas,35,8664,12819,6313,0.42533137,0.5239,0.2754964
35,Douglas,40,5178,9657,5443,0.276987269,0.3587,0.203941699
35,Douglas,45,3504,5431,4913,0.234553852,0.212,0.164177109
35,Douglas,50,3001,3608,1523,0.246266207,0.1636,0.051975974
35,Douglas,55,1487,2593,1024,0.194735464,0.151,0.03938613
35,Douglas,60,617,2125,-252,0.141936968,0.1532,-0.011821551
35,Douglas,65,494,1436,-258,0.175925926,0.1667,-0.015988102
35,Douglas,70,346,1101,-756,0.162823529,0.2211,-0.057065217
35,Douglas,75,371,853,-420,0.27080292,0.2716,-0.051768766
35,Douglas,80,159,773,-179,0.216326531,0.3525,-0.041454377
35,Douglas,85,176,1558,53,0.536585366,0.8715,0.014750905
37,Eagle,0,0,-297,276,0,-0.076,0.081057269
37,Eagle,5,169,-133,676,0.058782609,-0.0351,0.204167925
37,Eagle,10,-44,307,691,-0.016212233,0.092,0.171591756
37,Eagle,15,-105,2,407,-0.042769857,0.0008,0.102493075
37,Eagle,20,1240,673,-111,0.310776942,0.2003,-0.024326101
37,Eagle,25,645,2636,298,0.125096974,0.5221,0.05089667
37,Eagle,30,182,787,1541,0.038043478,0.165,0.33734676
37,Eagle,35,-97,-556,1124,-0.023334135,-0.1192,0.252868391
37,Eagle,40,23,-314,682,0.005679012,-0.0708,0.160924965
37,Eagle,45,-160,-169,587,-0.04593741,-0.043,0.150358607
37,Eagle,50,163,-213,173,0.061324304,-0.0568,0.04630621
37,Eagle,55,277,-289,134,0.168696711,-0.0931,0.035828877
37,Eagle,60,-34,-38,159,-0.034979424,-0.0148,0.043874172
37,Eagle,65,-30,-16,51,-0.052631579,-0.0105,0.017483716
37,Eagle,70,-122,-169,-43,-0.359882006,-0.2273,-0.020027946
37,Eagle,75,-55,-104,-54,-0.257009346,-0.2529,-0.045879354
37,Eagle,80,-2,-80,-4,-0.018518519,-0.3929,-0.007561437
37,Eagle,85,-18,-73,-10,-0.391304348,-0.5864,-0.024390244
41,El Paso,0,0,1350,581,0,0.1937,0.348530294
41,El Paso,5,455,3349,3377,0.270029674,0.2975,1.835326087
41,El Paso,10,1191,6360,5952,0.616778871,0.301,3.033639144
41,El Paso,15,1243,6071,6818,0.776875,0.064,3.373577437
41,El Paso,20,3861,9018,12593,5.921779141,-1.4097,6.107177498
41,El Paso,25,-529,8626,8566,-0.684346701,-1.1677,3.449859041
41,El Paso,30,-722,3199,-470,-0.580385852,0.3133,-0.214808044
41,El Paso,35,144,2404,667,0.069197501,0.4204,0.333166833
41,El Paso,40,-781,3302,-311,-0.316707218,0.3547,-0.16631016
41,El Paso,45,-231,1693,196,-0.116431452,0.1758,0.101135191
41,El Paso,50,-12,1583,890,-0.007614213,0.0594,0.384449244
41,El Paso,55,-60,961,1313,-0.060790274,0.1044,0.482188762
41,El Paso,60,-218,893,-2185,-0.357963875,0.0911,-0.833015631
41,El Paso,65,-188,926,-2229,-0.427272727,0.0713,-1.078374456
41,El Paso,70,-204,805,-1778,-0.655948553,0.0414,-1.172050099
41,El Paso,75,-176,356,-837,-0.838095238,-0.1315,-0.943630214
41,El Paso,80,357,702,-136,2.664179104,0.0585,-0.293736501
41,El Paso,85,202,1324,-25,2.885714286,0.4693,-0.075757576
39,Elbert,0,0,218,312,0,0.0298,0.006118607
39,Elbert,5,567,473,879,0.014067734,0.0741,0.017450517
39,Elbert,10,388,564,947,0.00955265,0.1402,0.018275503
39,Elbert,15,229,116,515,0.005880691,0.1311,0.009756744
39,Elbert,20,-310,-1130,400,-0.008009301,0.1822,0.00678173
39,Elbert,25,235,-855,777,0.006118039,0.1828,0.013676688
39,Elbert,30,580,287,1478,0.015041494,0.0773,0.029541684
39,Elbert,35,594,543,1393,0.012781615,0.0596,0.028865082
39,Elbert,40,615,676,1041,0.013594765,0.0799,0.02446361
39,Elbert,45,398,438,807,0.010352452,0.0358,0.020286576
39,Elbert,50,240,153,558,0.007574801,0.0347,0.013671779
39,Elbert,55,180,223,339,0.008188518,0.0254,0.007308712
39,Elbert,60,14,151,92,0.000864464,0.0291,0.002157396
39,Elbert,65,29,70,-7,0.002039238,0.0442,-0.000204195
39,Elbert,70,28,23,-78,0.002497993,0.0543,-0.002879504
39,Elbert,75,12,-43,-86,0.001292964,0.0307,-0.004986374
39,Elbert,80,8,12,-4,0.001359388,0.0874,-0.00036533
39,Elbert,85,-14,78,-8,-0.004648074,0.1816,-0.000714669
43,Fremont,0,0,53,144,0,0.0251,0.069632495
43,Fremont,5,311,148,470,0.119523444,0.0674,0.22338403
43,Fremont,10,197,155,538,0.066689235,0.0653,0.230901288
43,Fremont,15,-238,-123,347,-0.089675961,-0.05,0.152059597
43,Fremont,20,175,-450,902,0.068979109,-0.1817,0.299468792
43,Fremont,25,1390,634,1260,0.414307004,0.1945,0.356234097
43,Fremont,30,1479,696,1205,0.405650027,0.2189,0.380486265
43,Fremont,35,1448,-187,873,0.337293268,-0.0594,0.242972446
43,Fremont,40,1322,-306,375,0.312899408,-0.0925,0.114889706
43,Fremont,45,548,-439,384,0.14952251,-0.1172,0.124312075
43,Fremont,50,532,-328,-176,0.171723693,-0.0883,-0.062767475
43,Fremont,55,406,82,-314,0.168744805,0.0232,-0.10568832
43,Fremont,60,263,447,-268,0.132493703,0.1361,-0.086535357
43,Fremont,65,97,527,-137,0.051540914,0.1989,-0.045850067
43,Fremont,70,139,310,-93,0.082688876,0.1581,-0.032873807
43,Fremont,75,-21,63,-10,-0.015730337,0.0414,-0.004616805
43,Fremont,80,-24,120,-1,-0.026115343,0.1012,-0.000703235
43,Fremont,85,-77,70,-5,-0.139240506,0.0716,-0.003376097
45,Garfield,0,0,-230,205,0,-0.0511,0.046760949
45,Garfield,5,327,266,762,0.101615911,0.0612,0.172009029
45,Garfield,10,198,787,763,0.058372642,0.194,0.158233098
45,Garfield,15,-157,542,586,-0.048651999,0.1447,0.128311802
45,Garfield,20,-67,45,-62,-0.023508772,0.0131,-0.017065786
45,Garfield,25,387,1156,220,0.117486339,0.2661,0.066808381
45,Garfield,30,343,1520,1451,0.100882353,0.3503,0.39884552
45,Garfield,35,266,916,1266,0.070990125,0.2185,0.265910523
45,Garfield,40,245,659,898,0.059625213,0.1638,0.193868739
45,Garfield,45,49,478,564,0.013232514,0.1152,0.130073801
45,Garfield,50,124,208,275,0.042743881,0.0494,0.068306011
45,Garfield,55,181,264,333,0.096791444,0.0689,0.081717791
45,Garfield,60,67,48,140,0.048727273,0.0172,0.034491254
45,Garfield,65,-34,-94,35,-0.03030303,-0.0572,0.009722222
45,Garfield,70,-68,-65,-94,-0.066995074,-0.0571,-0.037720706
45,Garfield,75,50,-141,-11,0.062893082,-0.178,-0.008094187
45,Garfield,80,35,-121,17,0.069444444,-0.1981,0.020408163
45,Garfield,85,27,147,18,0.100746269,0.2485,0.022959184
47,Gilpin,0,0,4,32,0,0.0128,0.123552124
47,Gilpin,5,18,-1,97,0.069767442,-0.0049,0.342756184
47,Gilpin,10,103,-25,86,0.344481605,-0.1002,0.240896359
47,Gilpin,15,21,-29,67,0.083003953,-0.1268,0.196480938
47,Gilpin,20,51,-133,28,0.245192308,-0.8177,0.107692308
47,Gilpin,25,234,-28,55,0.620689655,-0.1274,0.209923664
47,Gilpin,30,157,147,161,0.377403846,0.4288,0.605263158
47,Gilpin,35,286,88,159,0.574297189,0.196,0.484756098
47,Gilpin,40,107,18,124,0.211045365,0.0416,0.288372093
47,Gilpin,45,154,69,69,0.261016949,0.123,0.134502924
47,Gilpin,50,118,127,37,0.273781903,0.2046,0.079913607
47,Gilpin,55,67,47,26,0.23183391,0.0753,0.04805915
47,Gilpin,60,3,70,-51,0.021126761,0.1463,-0.092896175
47,Gilpin,65,-10,0,-99,-0.102040816,-0.0003,-0.198795181
47,Gilpin,70,-9,4,-111,-0.104651163,0.0341,-0.331343284
47,Gilpin,75,8,-13,-74,0.153846154,-0.1899,-0.425287356
47,Gilpin,80,-15,-18,-21,-0.714285714,-0.395,-0.28
47,Gilpin,85,0,4,-4,0,0.1765,-0.068965517
49,Grand,0,0,87,82,0,0.105,0.1
49,Grand,5,21,86,205,0.029535865,0.1023,0.278532609
49,Grand,10,75,118,168,0.091463415,0.1382,0.178533475
49,Grand,15,29,92,138,0.035935564,0.1146,0.150490731
49,Grand,20,134,-53,-6,0.15420023,-0.0699,-0.007371007
49,Grand,25,184,243,50,0.182902584,0.2349,0.062735257
49,Grand,30,-89,170,345,-0.085741811,0.1655,0.384187082
49,Grand,35,139,13,261,0.125338142,0.0127,0.21969697
49,Grand,40,65,68,131,0.050387597,0.0623,0.115622242
49,Grand,45,133,163,168,0.102465331,0.1299,0.155124654
49,Grand,50,114,212,38,0.112648221,0.1442,0.033837934
49,Grand,55,79,82,110,0.119515885,0.0609,0.087370929
49,Grand,60,82,107,71,0.165322581,0.0988,0.049168975
49,Grand,65,-24,35,14,-0.060913706,0.0531,0.010920437
49,Grand,70,-56,-74,-75,-0.183606557,-0.1959,-0.082056893
49,Grand,75,-52,-58,-12,-0.331210191,-0.2068,-0.024048096
49,Grand,80,15,-108,-6,0.223880597,-0.744,-0.023715415
49,Grand,85,-11,-28,-7,-0.25,-0.3381,-0.033333333
51,Gunnison,0,0,-50,68,0,-0.0643,0.080283353
51,Gunnison,5,34,-14,195,0.051051051,-0.0167,0.214757709
51,Gunnison,10,-47,103,185,-0.062416999,0.1407,0.197860963
51,Gunnison,15,325,402,757,0.261885576,0.3782,0.475502513
51,Gunnison,20,850,1228,856,0.396640224,0.6221,0.542458809
51,Gunnison,25,-632,71,-300,-0.441032798,0.0552,-0.432900433
51,Gunnison,30,-121,-1026,-490,-0.107174491,-0.9212,-0.366218236
51,Gunnison,35,-6,-351,176,-0.006085193,-0.3221,0.122562674
51,Gunnison,40,-143,-76,174,-0.136320305,-0.0725,0.135725429
51,Gunnison,45,-98,16,189,-0.086343612,0.0163,0.156716418
51,Gunnison,50,-32,51,39,-0.037037037,0.0478,0.034883721
51,Gunnison,55,-39,-14,46,-0.066101695,-0.0129,0.046046046
51,Gunnison,60,20,69,-40,0.050251256,0.0777,-0.041493776
51,Gunnison,65,18,54,-136,0.056074766,0.0898,-0.154370034
51,Gunnison,70,-27,-56,-196,-0.100746269,-0.1756,-0.301075269
51,Gunnison,75,7,-74,-138,0.042168675,-0.3765,-0.347607053
51,Gunnison,80,1,-68,-66,0.008547009,-0.4739,-0.345549738
51,Gunnison,85,-10,26,-25,-0.151515152,0.2195,-0.151515152
53,Hinsdale,0,0,13,4,0,0.2329,0.088888889
53,Hinsdale,5,12,11,18,0.3,0.2278,0.428571429
53,Hinsdale,10,-3,0,9,-0.069767442,0.0089,0.14516129
53,Hinsdale,15,0,-22,11,0,-1.2686,0.215686275
53,Hinsdale,20,2,5,-2,0.066666667,0.1065,-0.040816327
53,Hinsdale,25,5,10,17,0.142857143,0.2502,0.708333333
53,Hinsdale,30,2,10,22,0.038461538,0.2699,0.423076923
53,Hinsdale,35,-6,3,16,-0.109090909,0.0883,0.363636364
53,Hinsdale,40,46,-6,15,0.5,-0.1412,0.375
53,Hinsdale,45,-3,11,7,-0.040540541,0.1621,0.184210526
53,Hinsdale,50,11,-20,10,0.129411765,-0.2826,0.212765957
53,Hinsdale,55,10,8,2,0.149253731,0.104,0.032258065
53,Hinsdale,60,-2,1,8,-0.041666667,0.011,0.125
53,Hinsdale,65,-6,0,-13,-0.146341463,-0.0078,-0.2
53,Hinsdale,70,-3,-10,-13,-0.130434783,-0.2728,-0.2
53,Hinsdale,75,0,-14,-11,0,-0.5903,-0.244444444
53,Hinsdale,80,3,-8,-7,0.3,-0.5869,-0.291666667
53,Hinsdale,85,-3,-7,-3,-0.5,-0.4503,-0.157894737
55,Huerfano,0,0,-3,34,0,-0.0105,0.110032362
55,Huerfano,5,72,-38,83,0.166666667,-0.1166,0.282312925
55,Huerfano,10,10,-5,80,0.019569472,-0.0161,0.258064516
55,Huerfano,15,-41,-9,22,-0.083333333,-0.0217,0.074074074
55,Huerfano,20,-82,-257,-24,-0.191142191,-1.0163,-0.094488189
55,Huerfano,25,45,-245,-5,0.102974828,-1.0145,-0.01529052
55,Huerfano,30,89,-146,116,0.20045045,-0.5367,0.434456929
55,Huerfano,35,88,-166,130,0.152249135,-0.6262,0.457746479
55,Huerfano,40,60,-104,83,0.087719298,-0.3103,0.274834437
55,Huerfano,45,183,-78,69,0.294212219,-0.1628,0.242957746
55,Huerfano,50,130,-72,57,0.221843003,-0.1231,0.169642857
55,Huerfano,55,150,74,87,0.289017341,0.1147,0.184322034
55,Huerfano,60,92,114,10,0.216470588,0.1725,0.017889088
55,Huerfano,65,19,90,46,0.05775076,0.1648,0.076666667
55,Huerfano,70,-22,59,-6,-0.068965517,0.141,-0.010152284
55,Huerfano,75,49,33,14,0.169550173,0.1201,0.031460674
55,Huerfano,80,34,14,-19,0.154545455,0.0653,-0.063545151
55,Huerfano,85,-4,45,2,-0.033333333,0.1797,0.00729927
57,Jackson,0,0,7,4,0,0.1178,0.070175439
57,Jackson,5,-11,11,14,-0.103773585,0.1412,0.225806452
57,Jackson,10,-9,-9,13,-0.075,-0.115,0.188405797
57,Jackson,15,-77,-33,10,-0.636363636,-0.4517,0.128205128
57,Jackson,20,-72,-55,0,-1.384615385,-0.8766,0
57,Jackson,25,-11,-52,5,-0.171875,-0.7659,0.089285714
57,Jackson,30,13,18,21,0.138297872,0.2615,0.35
57,Jackson,35,-5,11,17,-0.038461538,0.1421,0.232876712
57,Jackson,40,-18,-6,17,-0.133333333,-0.0675,0.236111111
57,Jackson,45,-8,-9,6,-0.055555556,-0.0743,0.078947368
57,Jackson,50,-6,8,10,-0.052173913,0.0596,0.119047619
57,Jackson,55,13,-7,-3,0.112068966,-0.0525,-0.027027027
57,Jackson,60,4,-10,-9,0.047619048,-0.1026,-0.076271186
57,Jackson,65,-33,-8,-23,-0.5,-0.077,-0.23
57,Jackson,70,0,-14,-18,0,-0.2501,-0.264705882
57,Jackson,75,-5,-5,-26,-0.142857143,-0.0962,-0.376811594
57,Jackson,80,-2,-5,-8,-0.074074074,-0.1417,-0.216216216
57,Jackson,85,-4,-27,-2,-0.266666667,-1.5463,-0.04
59,Jefferson,0,0,224,279,0,0.0074,0.008871506
59,Jefferson,5,1824,764,451,0.049526189,0.0233,0.014486702
59,Jefferson,10,1068,1023,2156,0.026921429,0.0301,0.064073227
59,Jefferson,15,-1437,-1310,2173,-0.039141449,-0.0369,0.059996135
59,Jefferson,20,-1357,-8083,2596,-0.046043702,-0.2571,0.068321183
59,Jefferson,25,5294,-2947,1049,0.158180949,-0.0881,0.026244027
59,Jefferson,30,3328,3490,2663,0.08878218,0.1073,0.072978898
59,Jefferson,35,1961,861,2412,0.041683495,0.0253,0.062673769
59,Jefferson,40,1455,546,1587,0.028978291,0.0145,0.04322484
59,Jefferson,45,75,-1885,2866,0.001624291,-0.0425,0.077386256
59,Jefferson,50,-952,-2639,1425,-0.024402122,-0.0569,0.036140912
59,Jefferson,55,-1166,-3267,2148,-0.042707494,-0.0789,0.048249062
59,Jefferson,60,-1541,-3465,-610,-0.08004779,-0.1029,-0.013645311
59,Jefferson,65,-1074,-3045,-1468,-0.069636258,-0.1361,-0.038384102
59,Jefferson,70,-48,-1367,-2325,-0.003704275,-0.0873,-0.079842033
59,Jefferson,75,21,-373,-1186,0.002004773,-0.0308,-0.066212595
59,Jefferson,80,479,401,-375,0.073783118,0.0437,-0.033360021
59,Jefferson,85,446,2141,37,0.123000552,0.2472,0.003081536
61,Kiowa,0,0,3,4,0,0.0377,0.056338028
61,Kiowa,5,-10,3,9,-0.088495575,0.0323,0.109756098
61,Kiowa,10,-8,-7,21,-0.070175439,-0.0747,0.28
61,Kiowa,15,-48,-8,8,-0.355555556,-0.0809,0.108108108
61,Kiowa,20,-41,-65,-16,-0.539473684,-1.3572,-0.23880597
61,Kiowa,25,-1,-61,-14,-0.011904762,-0.8454,-0.189189189
61,Kiowa,30,-15,-12,24,-0.238095238,-0.1825,0.489795918
61,Kiowa,35,-25,-15,32,-0.196850394,-0.211,0.405063291
61,Kiowa,40,-7,-4,16,-0.05785124,-0.0762,0.228571429
61,Kiowa,45,-32,-19,15,-0.248062016,-0.1791,0.197368421
61,Kiowa,50,-2,6,13,-0.019607843,0.0503,0.213114754
61,Kiowa,55,7,-1,21,0.084337349,-0.0071,0.201923077
61,Kiowa,60,-11,-2,-10,-0.129411765,-0.0165,-0.090909091
61,Kiowa,65,-13,-2,3,-0.213114754,-0.0284,0.029126214
61,Kiowa,70,0,4,-9,0,0.0465,-0.113924051
61,Kiowa,75,-18,-7,-3,-0.285714286,-0.1635,-0.048387097
61,Kiowa,80,-13,10,-5,-0.236363636,0.2225,-0.081967213
61,Kiowa,85,-27,22,-8,-0.931034483,0.3676,-0.153846154
63,Kit Carson,0,0,53,10,0,0.0966,0.021505376
63,Kit Carson,5,58,13,58,0.099656357,0.0271,0.119587629
63,Kit Carson,10,68,15,15,0.105754277,0.0299,0.028195489
63,Kit Carson,15,-37,-45,10,-0.061056106,-0.0832,0.02283105
63,Kit Carson,20,-155,-168,-43,-0.379901961,-0.3551,-0.104116223
63,Kit Carson,25,156,33,-40,0.341356674,0.0518,-0.092807425
63,Kit Carson,30,87,162,84,0.180497925,0.2885,0.213740458
63,Kit Carson,35,127,89,31,0.182733813,0.162,0.058823529
63,Kit Carson,40,24,51,37,0.035767511,0.0949,0.079229122
63,Kit Carson,45,47,-25,-9,0.088679245,-0.039,-0.020044543
63,Kit Carson,50,29,5,21,0.063180828,0.0078,0.046255507
63,Kit Carson,55,60,29,29,0.140186916,0.0552,0.051056338
63,Kit Carson,60,-3,9,30,-0.008310249,0.0208,0.055350554
63,Kit Carson,65,-69,-7,29,-0.233108108,-0.0179,0.06855792
63,Kit Carson,70,-12,32,30,-0.043956044,0.0994,0.095238095
63,Kit Carson,75,-33,-10,20,-0.141630901,-0.0451,0.070175439
63,Kit Carson,80,4,3,-42,0.02247191,0.0161,-0.201923077
63,Kit Carson,85,14,-6,-17,0.118644068,-0.0302,-0.076923077
67,La Plata,0,0,-32,215,0,-0.0459,0.43699187
67,La Plata,5,333,525,668,0.545901639,-0.2609,1.439655172
67,La Plata,10,250,587,821,0.449640288,-0.2528,1.384485666
67,La Plata,15,778,893,1161,1.281713344,-0.2522,2.174157303
67,La Plata,20,683,1277,1945,0.904635762,-0.0662,3.866799205
67,La Plata,25,-731,-179,848,-0.985175202,-0.0511,1.855579869
67,La Plata,30,-59,-1015,704,-0.089123867,-0.3526,1.369649805
67,La Plata,35,452,348,1118,0.749585406,-0.2629,1.854063018
67,La Plata,40,231,521,949,0.371980676,-0.3337,1.619453925
67,La Plata,45,41,435,649,0.06518283,-0.1911,1.090756303
67,La Plata,50,178,415,393,0.412037037,-0.1795,0.841541756
67,La Plata,55,133,201,602,0.461805556,-0.0928,1.349775785
67,La Plata,60,101,334,385,0.338926174,0.0027,0.905882353
67,La Plata,65,62,97,39,0.328042328,-0.1371,0.091334895
67,La Plata,70,-84,15,-109,-0.626865672,-0.4752,-0.38245614
67,La Plata,75,27,-117,-120,0.293478261,-0.4228,-0.727272727
67,La Plata,80,-30,-64,-9,-0.612244898,-0.3346,-0.085714286
67,La Plata,85,-42,46,-16,-1.135135135,-0.3516,-0.181818182
65,Lake,0,0,-26,30,0,-0.0111,0.00959386
65,Lake,5,30,-127,139,0.010881393,0.1786,0.040454016
65,Lake,10,-4,-125,116,-0.001319261,0.2075,0.031859379
65,Lake,15,-19,-122,123,-0.004845703,0.2453,0.029985373
65,Lake,20,1,-34,82,0.000232342,0.2976,0.017978513
65,Lake,25,-7,-29,134,-0.00237691,-0.0484,0.035944206
65,Lake,30,109,-194,190,0.040520446,-0.3094,0.048407643
65,Lake,35,-17,-153,179,-0.005143722,0.1058,0.041598884
65,Lake,40,28,-162,160,0.007113821,0.1651,0.039751553
65,Lake,45,-42,-95,80,-0.010118044,0.1187,0.020725389
65,Lake,50,0,-92,9,0,0.0978,0.00256996
65,Lake,55,11,-51,-2,0.004816112,0.0478,-0.000503905
65,Lake,60,15,1,-23,0.009334163,0.099,-0.00523322
65,Lake,65,-17,-33,-67,-0.013219285,0.0437,-0.016160154
65,Lake,70,-24,-86,-89,-0.022119816,0.0102,-0.029285949
65,Lake,75,2,-48,-48,0.002442002,-0.122,-0.026563365
65,Lake,80,-34,-22,-40,-0.063079777,-0.088,-0.038535645
65,Lake,85,-8,-19,-15,-0.026845638,0.0654,-0.016042781
69,Larimer,0,0,140,1067,0,0.008,0.053769401
69,Larimer,5,1326,1339,3360,0.080261485,0.0743,0.158850227
69,Larimer,10,1246,2348,3815,0.069698495,0.1336,0.174002281
69,Larimer,15,3818,5494,5972,0.184738956,0.25,0.240806452
69,Larimer,20,8642,12655,15804,0.337960971,0.4157,0.459832989
69,Larimer,25,-2737,2018,4671,-0.141975309,0.0896,0.17194287
69,Larimer,30,-306,-5489,-8518,-0.018088314,-0.2745,-0.367884599
69,Larimer,35,1247,-463,829,0.063518745,-0.0247,0.035191238
69,Larimer,40,1381,1167,3254,0.063669894,0.0654,0.133377055
69,Larimer,45,987,1050,3104,0.048946194,0.0517,0.139643693
69,Larimer,50,705,864,1831,0.04399376,0.0392,0.092162883
69,Larimer,55,728,953,2477,0.064521847,0.0466,0.113681215
69,Larimer,60,449,1699,1531,0.056103961,0.1002,0.067211028
69,Larimer,65,484,1369,515,0.070863836,0.1152,0.025684505
69,Larimer,70,464,996,-678,0.076910327,0.1223,-0.042857143
69,Larimer,75,205,508,-333,0.041049259,0.0833,-0.032009997
69,Larimer,80,125,550,-213,0.03718025,0.1149,-0.033782712
69,Larimer,85,390,1532,44,0.206240085,0.3137,0.006730916
71,Las Animas,0,0,-43,92,0,-0.0497,0.136094675
71,Las Animas,5,161,30,239,0.153333333,0.0338,0.343884892
71,Las Animas,10,65,46,245,0.057319224,0.052,0.303970223
71,Las Animas,15,-10,21,48,-0.008976661,0.0197,0.065843621
71,Las Animas,20,-39,-186,8,-0.051792829,-0.199,0.012519562
71,Las Animas,25,-97,-242,143,-0.133977901,-0.2803,0.188405797
71,Las Animas,30,102,27,291,0.126865672,0.0352,0.396457766
71,Las Animas,35,177,119,326,0.175944334,0.1458,0.442333786
71,Las Animas,40,89,81,208,0.078691424,0.093,0.315151515
71,Las Animas,45,149,125,177,0.123960067,0.1143,0.245152355
71,Las Animas,50,132,166,43,0.11558669,0.1315,0.054846939
71,Las Animas,55,135,152,89,0.156069364,0.1193,0.086323957
71,Las Animas,60,-10,121,105,-0.012919897,0.1037,0.087209302
71,Las Animas,65,44,88,35,0.066465257,0.1019,0.029337804
71,Las Animas,70,46,18,-5,0.066570188,0.0269,-0.004960317
71,Las Animas,75,13,-81,13,0.023853211,-0.186,0.019202363
71,Las Animas,80,-30,-71,4,-0.072115385,-0.174,0.008474576
71,Las Animas,85,-29,-156,16,-0.105454545,-0.3982,0.035087719
73,Lincoln,0,0,-3,20,0,-0.0107,0.065789474
73,Lincoln,5,-23,3,65,-0.058823529,0.0117,0.179558011
73,Lincoln,10,35,-11,45,0.073221757,-0.0378,0.128205128
73,Lincoln,15,-29,-46,-3,-0.066666667,-0.1347,-0.010416667
73,Lincoln,20,-36,-153,84,-0.120401338,-0.471,0.240687679
73,Lincoln,25,129,-16,95,0.309352518,-0.0373,0.215909091
73,Lincoln,30,85,111,140,0.185185185,0.2777,0.325581395
73,Lincoln,35,80,-108,70,0.141843972,-0.3582,0.146443515
73,Lincoln,40,167,-78,-7,0.275577558,-0.2053,-0.016786571
73,Lincoln,45,100,-115,-7,0.220264317,-0.2662,-0.025179856
73,Lincoln,50,7,-128,-10,0.02173913,-0.2742,-0.027472527
73,Lincoln,55,-7,-102,-7,-0.021604938,-0.3016,-0.017156863
73,Lincoln,60,7,-24,-41,0.029045643,-0.0864,-0.100244499
73,Lincoln,65,24,-46,-62,0.102564103,-0.1826,-0.226277372
73,Lincoln,70,18,-9,-52,0.096256684,-0.0469,-0.257425743
73,Lincoln,75,25,-11,-21,0.147058824,-0.0628,-0.106598985
73,Lincoln,80,4,-6,-18,0.028776978,-0.0442,-0.128571429
73,Lincoln,85,8,13,-13,0.090909091,0.0792,-0.075581395
75,Logan,0,0,7,88,0,0.0062,0.067022087
75,Logan,5,11,-52,147,0.007994186,-0.0425,0.112557427
75,Logan,10,-14,29,203,-0.00951087,0.0217,0.159591195
75,Logan,15,204,278,5,0.113585746,0.1694,0.004344049
75,Logan,20,-146,238,111,-0.104885057,0.1405,0.08428246
75,Logan,25,-56,-69,338,-0.044268775,-0.04,0.198823529
75,Logan,30,180,145,152,0.142405063,0.0946,0.085393258
75,Logan,35,21,207,272,0.012883436,0.1412,0.149122807
75,Logan,40,147,172,4,0.087085308,0.1209,0.002633311
75,Logan,45,154,73,-53,0.103010033,0.0435,-0.039493294
75,Logan,50,69,116,-139,0.056883759,0.0664,-0.115161558
75,Logan,55,0,79,-29,0,0.0527,-0.019423979
75,Logan,60,16,86,-34,0.018691589,0.0704,-0.020987654
75,Logan,65,-17,64,-114,-0.022339028,0.0721,-0.086560364
75,Logan,70,4,8,-146,0.005449591,0.0105,-0.151925078
75,Logan,75,-6,53,-65,-0.009104704,0.0844,-0.09984639
75,Logan,80,2,-12,-70,0.004761905,-0.0243,-0.145833333
75,Logan,85,-24,134,-24,-0.090225564,0.2267,-0.041166381
77,Mesa,0,0,24,-38,0,0.0024,-0.004247234
77,Mesa,5,1156,1602,368,0.145043915,0.1673,0.038884193
77,Mesa,10,675,1960,869,0.078242726,0.2115,0.082651702
77,Mesa,15,384,2277,1160,0.041948875,0.2225,0.111839568
77,Mesa,20,140,1744,695,0.019091777,0.1692,0.073057921
77,Mesa,25,661,1133,273,0.099323817,0.1111,0.027945542
77,Mesa,30,690,1964,628,0.10467233,0.2134,0.059639126
77,Mesa,35,940,1851,906,0.111321649,0.22,0.084982647
77,Mesa,40,931,1871,564,0.096707178,0.2251,0.058652246
77,Mesa,45,606,1685,934,0.065203357,0.1705,0.106877217
77,Mesa,50,403,1727,900,0.051501597,0.1572,0.104968509
77,Mesa,55,444,1540,1260,0.075012671,0.1483,0.126990526
77,Mesa,60,562,1509,741,0.112287712,0.1725,0.068968727
77,Mesa,65,538,1216,444,0.114761092,0.1869,0.04492563
77,Mesa,70,355,791,69,0.077342048,0.1578,0.008608858
77,Mesa,75,317,414,206,0.081679979,0.1032,0.037117117
77,Mesa,80,197,269,177,0.077315542,0.0824,0.046986992
77,Mesa,85,153,640,170,0.107746479,0.2011,0.040944123
79,Mineral,0,0,-2,4,0,-0.1276,0.142857143
79,Mineral,5,-32,7,16,-0.62745098,0.2001,0.457142857
79,Mineral,10,11,-11,7,0.192982456,-0.4446,0.233333333
79,Mineral,15,-15,-18,6,-0.394736842,-0.5174,0.162162162
79,Mineral,20,4,-34,5,0.137931034,-1.6957,0.192307692
79,Mineral,25,-16,-1,6,-0.444444444,-0.0174,0.171428571
79,Mineral,30,0,1,22,0,0.0275,0.709677419
79,Mineral,35,8,0,21,0.115942029,0.0048,0.42
79,Mineral,40,4,-13,19,0.057142857,-0.6196,0.542857143
79,Mineral,45,-18,-9,9,-0.257142857,-0.144,0.225
79,Mineral,50,16,1,11,0.222222222,0.0211,0.423076923
79,Mineral,55,27,13,6,0.402985075,0.1643,0.096774194
79,Mineral,60,25,19,-1,0.396825397,0.2134,-0.014705882
79,Mineral,65,-26,3,6,-0.541666667,0.0392,0.08
79,Mineral,70,6,-17,-10,0.153846154,-0.4321,-0.138888889
79,Mineral,75,2,-15,-10,0.058823529,-0.4995,-0.217391304
79,Mineral,80,4,-14,-5,0.235294118,-0.9369,-0.208333333
79,Mineral,85,-6,-27,-3,-1.2,-2.0389,-0.15
81,Moffat,0,0,5,22,0,0.0046,0.028460543
81,Moffat,5,69,142,85,0.073560768,0.1289,0.0950783
81,Moffat,10,-33,118,45,-0.027684564,0.1171,0.044554455
81,Moffat,15,-127,0,-2,-0.117701576,0.0005,-0.001978239
81,Moffat,20,-411,-346,-209,-0.53238342,-0.4166,-0.278666667
81,Moffat,25,106,-102,-174,0.132004981,-0.1056,-0.286655684
81,Moffat,30,111,178,25,0.136029412,0.1906,0.041186161
81,Moffat,35,129,49,33,0.124878993,0.0588,0.040740741
81,Moffat,40,46,43,-16,0.036163522,0.0503,-0.019900498
81,Moffat,45,29,46,8,0.02502157,0.0433,0.01082544
81,Moffat,50,64,-133,12,0.074074074,-0.1209,0.015444015
81,Moffat,55,75,-73,-6,0.108853411,-0.0698,-0.006179197
81,Moffat,60,18,-63,-79,0.040723982,-0.0857,-0.084311633
81,Moffat,65,29,-90,-172,0.077333333,-0.1716,-0.212608158
81,Moffat,70,5,-36,-146,0.015923567,-0.1085,-0.28460039
81,Moffat,75,-27,-42,-89,-0.131067961,-0.1614,-0.255014327
81,Moffat,80,-10,-12,-56,-0.054644809,-0.0664,-0.273170732
81,Moffat,85,-1,-9,-15,-0.011111111,-0.0517,-0.064935065
83,Montezuma,0,0,32,90,0,0.0195,0.047443332
83,Montezuma,5,59,112,306,0.033541785,0.0673,0.165674066
83,Montezuma,10,-129,16,301,-0.066255778,0.01,0.15917504
83,Montezuma,15,-333,-133,224,-0.189851767,-0.0818,0.121409214
83,Montezuma,20,-304,-645,-65,-0.267135325,-0.5065,-0.04137492
83,Montezuma,25,120,-382,0,0.098928277,-0.2838,0
83,Montezuma,30,-26,247,493,-0.01800554,0.183,0.303945746
83,Montezuma,35,21,219,487,0.012411348,0.1572,0.280853518
83,Montezuma,40,-10,142,311,-0.005249344,0.0917,0.190797546
83,Montezuma,45,5,110,289,0.002581311,0.0634,0.183842239
83,Montezuma,50,33,243,139,0.019831731,0.1168,0.084395871
83,Montezuma,55,206,290,220,0.151582046,0.1364,0.123943662
83,Montezuma,60,50,394,95,0.045454545,0.204,0.046183763
83,Montezuma,65,49,170,63,0.049949032,0.1233,0.030897499
83,Montezuma,70,10,80,-42,0.011876485,0.0787,-0.024263432
83,Montezuma,75,-47,-4,-27,-0.072196621,-0.0047,-0.024390244
83,Montezuma,80,62,35,-26,0.131078224,0.0605,-0.03601108
83,Montezuma,85,31,219,38,0.127572016,0.3829,0.052054795
85,Montrose,0,0,35,202,0,0.0133,0.08035004
85,Montrose,5,359,443,674,0.14452496,0.1565,0.266403162
85,Montrose,10,377,693,573,0.149781486,0.2343,0.187132593
85,Montrose,15,-116,194,412,-0.0453125,0.0725,0.129927468
85,Montrose,20,-628,-649,-7,-0.403080873,-0.3494,-0.002593553
85,Montrose,25,75,-178,64,0.044642857,-0.0757,0.031052887
85,Montrose,30,454,658,983,0.231750893,0.3035,0.530204962
85,Montrose,35,413,697,895,0.175595238,0.2968,0.335080494
85,Montrose,40,434,520,587,0.163959199,0.2134,0.231102362
85,Montrose,45,132,560,461,0.051421893,0.1961,0.172336449
85,Montrose,50,172,617,287,0.076139885,0.1952,0.104668125
85,Montrose,55,178,581,281,0.092371562,0.1925,0.090997409
85,Montrose,60,220,690,135,0.130952381,0.2456,0.040921491
85,Montrose,65,205,479,83,0.146848138,0.2151,0.027106466
85,Montrose,70,69,421,14,0.056280587,0.2291,0.005083515
85,Montrose,75,23,206,20,0.021495327,0.1577,0.00965717
85,Montrose,80,-8,140,-9,-0.0110957,0.1464,-0.006004003
85,Montrose,85,-36,336,-17,-0.079470199,0.3147,-0.012168933
87,Morgan,0,0,45,112,0,0.0206,0.050724638
87,Morgan,5,57,-93,214,0.024484536,-0.0426,0.089727463
87,Morgan,10,32,-104,231,0.01427934,-0.0474,0.099784017
87,Morgan,15,-232,-232,-128,-0.107457156,-0.111,-0.064842958
87,Morgan,20,-725,-487,-478,-0.460609911,-0.2809,-0.293071735
87,Morgan,25,-218,-325,-298,-0.127934272,-0.1796,-0.183497537
87,Morgan,30,171,104,229,0.092482423,0.0625,0.137207909
87,Morgan,35,-85,-47,352,-0.041625857,-0.0283,0.182857143
87,Morgan,40,-18,-60,221,-0.008604207,-0.034,0.123325893
87,Morgan,45,3,-26,225,0.001650165,-0.013,0.130133025
87,Morgan,50,10,-20,152,0.006963788,-0.01,0.083150985
87,Morgan,55,76,-48,130,0.069028156,-0.0283,0.066360388
87,Morgan,60,35,21,-46,0.032925682,0.0154,-0.024351509
87,Morgan,65,38,99,-93,0.041304348,0.0903,-0.061548643
87,Morgan,70,-28,41,-87,-0.033532934,0.0441,-0.076115486
87,Morgan,75,14,28,-102,0.02,0.0379,-0.115777526
87,Morgan,80,-12,47,-77,-0.022058824,0.0772,-0.117378049
87,Morgan,85,1,40,-27,0.002832861,0.065,-0.036193029
89,Otero,0,0,-31,85,0,-0.026,0.072033898
89,Otero,5,-79,-135,140,-0.053632043,-0.0991,0.115606936
89,Otero,10,-44,-41,221,-0.027848101,-0.0322,0.176517572
89,Otero,15,-179,-26,-112,-0.104251602,-0.0184,-0.091503268
89,Otero,20,-570,-499,-232,-0.492653414,-0.4647,-0.252723312
89,Otero,25,61,-707,-177,0.058039962,-0.7035,-0.165420561
89,Otero,30,-191,-172,103,-0.178005592,-0.1765,0.104994903
89,Otero,35,-108,-82,216,-0.080237741,-0.0861,0.207293666
89,Otero,40,43,-30,185,0.029614325,-0.0289,0.179263566
89,Otero,45,-136,-47,153,-0.092078538,-0.0375,0.153460381
89,Otero,50,-11,-52,118,-0.008600469,-0.0384,0.112274025
89,Otero,55,-12,-43,70,-0.01171875,-0.0318,0.055292259
89,Otero,60,97,6,-4,0.099487179,0.0047,-0.003115265
89,Otero,65,-20,44,-38,-0.022123894,0.0466,-0.03125
89,Otero,70,-5,42,-116,-0.005945303,0.0505,-0.122751323
89,Otero,75,-56,45,-75,-0.086956522,0.0622,-0.112443778
89,Otero,80,-5,-41,-50,-0.010438413,-0.0821,-0.096525097
89,Otero,85,0,-28,-44,0,-0.0595,-0.072847682
91,Ouray,0,0,-1,28,0,-0.0058,0.112903226
91,Ouray,5,58,45,108,0.241666667,0.2077,0.467532468
91,Ouray,10,54,68,105,0.197080292,0.2754,0.400763359
91,Ouray,15,-27,-1,96,-0.121621622,-0.004,0.346570397
91,Ouray,20,-104,-185,49,-1.223529412,-2.1317,0.188461538
91,Ouray,25,92,-63,81,0.528735632,-0.4012,0.289285714
91,Ouray,30,74,101,193,0.371859296,0.5722,0.901869159
91,Ouray,35,42,115,171,0.152173913,0.407,0.615107914
91,Ouray,40,67,83,148,0.179144385,0.2965,0.558490566
91,Ouray,45,87,89,92,0.233243968,0.2475,0.26744186
91,Ouray,50,-8,87,59,-0.021333333,0.1924,0.187301587
91,Ouray,55,84,135,49,0.265822785,0.2722,0.133879781
91,Ouray,60,83,130,-1,0.359307359,0.2644,-0.00243309
91,Ouray,65,17,62,-46,0.101190476,0.1697,-0.114427861
91,Ouray,70,-14,1,-82,-0.106870229,0.0025,-0.217506631
91,Ouray,75,-13,-45,-91,-0.164556962,-0.4322,-0.328519856
91,Ouray,80,3,-33,-48,0.066666667,-0.4546,-0.342857143
91,Ouray,85,25,-14,-7,1.041666667,-0.2924,-0.071428571
93,Park,0,0,68,115,0,0.0871,0.145754119
93,Park,5,331,8,451,0.334343434,0.009,0.540767386
93,Park,10,68,67,453,0.068341709,0.0742,0.432664756
93,Park,15,-55,-99,353,-0.060908084,-0.1118,0.383695652
93,Park,20,-207,-490,265,-0.43125,-0.9914,0.315852205
93,Park,25,304,-248,437,0.476489028,-0.3895,0.455683003
93,Park,30,378,304,764,0.381432896,0.399,0.892523364
93,Park,35,608,423,726,0.405603736,0.4061,0.729648241
93,Park,40,328,223,527,0.184788732,0.1863,0.503824092
93,Park,45,164,111,402,0.099213551,0.0696,0.320063694
93,Park,50,315,222,239,0.229591837,0.1138,0.177431329
93,Park,55,211,187,199,0.229098806,0.1056,0.11852293
93,Park,60,54,186,-58,0.08985025,0.1245,-0.029958678
93,Park,65,84,87,-199,0.190909091,0.0912,-0.120169082
93,Park,70,-47,-66,-293,-0.142857143,-0.1384,-0.24214876
93,Park,75,-80,-124,-204,-0.476190476,-0.471,-0.295652174
93,Park,80,-37,-137,-105,-0.425287356,-1.0305,-0.337620579
93,Park,85,-24,-42,-51,-0.705882353,-0.4459,-0.260204082
95,Phillips,0,0,-5,6,0,-0.0169,0.022304833
95,Phillips,5,-27,18,17,-0.080118694,0.0547,0.059233449
95,Phillips,10,50,11,30,0.143266476,0.0358,0.102389078
95,Phillips,15,-149,-27,-38,-0.490131579,-0.0872,-0.132404181
95,Phillips,20,-41,-157,-86,-0.227777778,-0.8411,-0.380530973
95,Phillips,25,18,-81,-86,0.086956522,-0.3699,-0.383928571
95,Phillips,30,-50,43,11,-0.213675214,0.1913,0.063953488
95,Phillips,35,28,12,31,0.092105263,0.0521,0.138392857
95,Phillips,40,23,25,3,0.062330623,0.0934,0.012658228
95,Phillips,45,14,5,25,0.044025157,0.018,0.108225108
95,Phillips,50,-14,-21,21,-0.055335968,-0.0608,0.078066914
95,Phillips,55,2,-13,19,0.009302326,-0.0457,0.063545151
95,Phillips,60,7,19,-8,0.033653846,0.0749,-0.024767802
95,Phillips,65,-6,20,-24,-0.027906977,0.0967,-0.092307692
95,Phillips,70,8,6,-30,0.041884817,0.0346,-0.138888889
95,Phillips,75,11,15,-13,0.065088757,0.0763,-0.078313253
95,Phillips,80,-15,15,-4,-0.12195122,0.1103,-0.03125
95,Phillips,85,-18,22,-13,-0.174757282,0.1137,-0.068783069
97,Pitkin,0,0,-40,116,0,-0.0528,0.135990621
97,Pitkin,5,-89,16,253,-0.12464986,0.019,0.280799112
97,Pitkin,10,-31,226,286,-0.037712895,0.262,0.29916318
97,Pitkin,15,-232,95,234,-0.34421365,0.1186,0.235175879
97,Pitkin,20,209,-46,92,0.213483146,-0.0598,0.103370787
97,Pitkin,25,-287,808,186,-0.192488263,0.5482,0.210169492
97,Pitkin,30,-641,210,646,-0.409846547,0.1783,0.614652712
97,Pitkin,35,-369,-173,431,-0.258947368,-0.1298,0.240513393
97,Pitkin,40,-197,-137,292,-0.129690586,-0.096,0.210982659
97,Pitkin,45,-314,-22,250,-0.19204893,-0.0158,0.171821306
97,Pitkin,50,-60,101,81,-0.03968254,0.0634,0.05495251
97,Pitkin,55,-98,-93,48,-0.090073529,-0.0623,0.035901272
97,Pitkin,60,27,-135,-107,0.04376013,-0.1016,-0.076374019
97,Pitkin,65,-51,-109,-180,-0.116438356,-0.1167,-0.150250417
97,Pitkin,70,-35,-95,-250,-0.112540193,-0.1957,-0.252525253
97,Pitkin,75,-26,-114,-225,-0.141304348,-0.3857,-0.352112676
97,Pitkin,80,-48,-90,-84,-0.545454545,-0.4831,-0.2625
97,Pitkin,85,18,-112,-13,0.461538462,-0.9593,-0.047272727
99,Prowers,0,0,23,42,0,0.0239,0.052303861
99,Prowers,5,102,-229,97,0.084437086,-0.2397,0.120049505
99,Prowers,10,-73,-201,79,-0.06028076,-0.2175,0.082549634
99,Prowers,15,-52,-245,-81,-0.041041831,-0.2563,-0.098780488
99,Prowers,20,-85,-446,-211,-0.0802644,-0.5883,-0.337060703
99,Prowers,25,98,-522,-169,0.107929515,-0.7128,-0.268680445
99,Prowers,30,99,-306,17,0.111864407,-0.4124,0.029310345
99,Prowers,35,3,-209,125,0.003051882,-0.3013,0.193199382
99,Prowers,40,-6,-212,75,-0.005802708,-0.3183,0.106990014
99,Prowers,45,-22,-156,78,-0.022633745,-0.1931,0.116244411
99,Prowers,50,-17,-99,22,-0.020334928,-0.1103,0.033587786
99,Prowers,55,-47,-56,84,-0.078464107,-0.0651,0.106060606
99,Prowers,60,-29,-38,-12,-0.054820416,-0.0517,-0.014134276
99,Prowers,65,19,-4,-49,0.040860215,-0.0076,-0.064304462
99,Prowers,70,0,-20,-75,0,-0.0474,-0.126903553
99,Prowers,75,8,1,-38,0.022160665,0.0016,-0.105849582
99,Prowers,80,-30,-25,-36,-0.106007067,-0.0908,-0.138461538
99,Prowers,85,-2,-46,-25,-0.012820513,-0.1629,-0.083892617
101,Pueblo,0,0,169,-27,0,0.0161,-0.002684163
101,Pueblo,5,597,945,657,0.058017493,0.087,0.067095588
101,Pueblo,10,884,1311,1275,0.086564826,0.121,0.112592723
101,Pueblo,15,130,1312,1602,0.012048193,0.1134,0.135098668
101,Pueblo,20,-489,96,1783,-0.053471843,0.0093,0.146869852
101,Pueblo,25,-190,-1047,-181,-0.022188485,-0.1087,-0.016469518
101,Pueblo,30,999,486,-1105,0.11209605,0.0514,-0.124605323
101,Pueblo,35,1098,941,971,0.107111501,0.1012,0.099152456
101,Pueblo,40,687,843,1015,0.063942666,0.0881,0.100385719
101,Pueblo,45,745,914,1290,0.072161953,0.0843,0.131217577
101,Pueblo,50,492,1160,1083,0.054929106,0.1017,0.108343337
101,Pueblo,55,474,1327,1293,0.070936845,0.1206,0.116707284
101,Pueblo,60,358,1621,1033,0.06048319,0.1649,0.090606087
101,Pueblo,65,221,1152,734,0.038690476,0.1641,0.068758782
101,Pueblo,70,24,752,226,0.004288011,0.1335,0.025257041
101,Pueblo,75,91,268,216,0.019934283,0.0579,0.037145314
101,Pueblo,80,-41,29,99,-0.013594164,0.0078,0.024246877
101,Pueblo,85,-112,57,221,-0.064965197,0.0163,0.047991314
103,Rio Blanco,0,0,2,30,0,0.0033,0.077120823
103,Rio Blanco,5,44,84,72,0.118598383,0.1913,0.171428571
103,Rio Blanco,10,13,115,52,0.024714829,0.2544,0.104417671
103,Rio Blanco,15,1,102,43,0.001652893,0.2141,0.099767981
103,Rio Blanco,20,-215,-72,-25,-0.746527778,-0.1605,-0.069637883
103,Rio Blanco,25,-74,-116,-11,-0.241830065,-0.2388,-0.031791908
103,Rio Blanco,30,19,117,78,0.053672316,0.294,0.195488722
103,Rio Blanco,35,62,92,81,0.140589569,0.2347,0.168049793
103,Rio Blanco,40,-74,40,69,-0.138317757,0.102,0.174242424
103,Rio Blanco,45,29,75,53,0.05620155,0.1497,0.137305699
103,Rio Blanco,50,-18,85,30,-0.042352941,0.1398,0.078125
103,Rio Blanco,55,-6,-42,42,-0.018461538,-0.0934,0.088794926
103,Rio Blanco,60,-15,-13,-51,-0.055762082,-0.0334,-0.098455598
103,Rio Blanco,65,-3,-29,-55,-0.015228426,-0.1118,-0.156695157
103,Rio Blanco,70,-3,-16,-78,-0.016759777,-0.0723,-0.287822878
103,Rio Blanco,75,3,-14,-24,0.02173913,-0.1007,-0.145454545
103,Rio Blanco,80,36,-5,-27,0.486486486,-0.0448,-0.209302326
103,Rio Blanco,85,-26,21,-5,-0.490566038,0.1812,-0.040322581
105,Rio Grande,0,0,-20,54,0,-0.0249,0.074175824
105,Rio Grande,5,-19,-10,168,-0.020585049,-0.0117,0.234636872
105,Rio Grande,10,28,-32,130,0.02705314,-0.038,0.162907268
105,Rio Grande,15,-31,-113,-5,-0.030693069,-0.1393,-0.0066313
105,Rio Grande,20,-295,-395,-150,-0.451761103,-0.6178,-0.261780105
105,Rio Grande,25,-29,-397,-50,-0.045525903,-0.6586,-0.09057971
105,Rio Grande,30,4,10,181,0.005847953,0.0158,0.345419847
105,Rio Grande,35,-14,39,213,-0.016184971,0.0588,0.379003559
105,Rio Grande,40,75,-3,166,0.078781513,-0.0051,0.261006289
105,Rio Grande,45,47,-19,117,0.048453608,-0.0226,0.17673716
105,Rio Grande,50,-7,36,101,-0.008883249,0.0384,0.150074294
105,Rio Grande,55,-6,38,73,-0.008810573,0.0394,0.090909091
105,Rio Grande,60,85,38,34,0.157699443,0.0496,0.038202247
105,Rio Grande,65,53,26,-50,0.101338432,0.0416,-0.058616647
105,Rio Grande,70,-18,-26,-79,-0.042755344,-0.059,-0.125198098
105,Rio Grande,75,-54,-65,-42,-0.14516129,-0.1943,-0.089361702
105,Rio Grande,80,30,4,-54,0.110701107,0.0142,-0.186851211
105,Rio Grande,85,33,34,-10,0.227586207,0.1247,-0.03164557
107,Routt,0,0,26,136,0,0.0197,0.102564103
107,Routt,5,82,250,368,0.066993464,0.182,0.26744186
107,Routt,10,166,296,365,0.12170088,0.2142,0.233077905
107,Routt,15,-123,157,331,-0.089389535,0.1141,0.203692308
107,Routt,20,187,-5,115,0.122462344,-0.0034,0.079972184
107,Routt,25,179,491,215,0.101015801,0.2653,0.147969718
107,Routt,30,-98,245,674,-0.058125741,0.1401,0.4
107,Routt,35,76,27,528,0.044470451,0.0148,0.236135957
107,Routt,40,187,121,317,0.087752229,0.0677,0.157711443
107,Routt,45,-46,158,317,-0.021071919,0.0863,0.165881737
107,Routt,50,40,128,27,0.024706609,0.0581,0.015109121
107,Routt,55,1,-64,69,0.001168224,-0.0311,0.040023202
107,Routt,60,-8,-14,-203,-0.013793103,-0.0092,-0.106729758
107,Routt,65,26,60,-312,0.074712644,0.0697,-0.192355117
107,Routt,70,-13,-47,-335,-0.052845528,-0.0957,-0.284863946
107,Routt,75,-34,-21,-220,-0.178947368,-0.0744,-0.349761526
107,Routt,80,-10,-34,-94,-0.087719298,-0.21,-0.276470588
107,Routt,85,-9,62,-15,-0.126760563,0.3807,-0.054744526
109,Saguache,0,0,45,32,0,0.1088,0.097560976
109,Saguache,5,-16,-18,106,-0.034042553,-0.0439,0.261728395
109,Saguache,10,33,-49,115,0.06693712,-0.1395,0.249457701
109,Saguache,15,-72,-61,19,-0.138996139,-0.1489,0.05
109,Saguache,20,-49,-172,-16,-0.168965517,-0.5494,-0.057761733
109,Saguache,25,-27,-192,25,-0.092150171,-0.5877,0.076452599
109,Saguache,30,-31,30,147,-0.093655589,0.0979,0.462264151
109,Saguache,35,73,25,157,0.158695652,0.0809,0.424324324
109,Saguache,40,76,10,129,0.163090129,0.0299,0.365439093
109,Saguache,45,62,-5,86,0.117424242,-0.0117,0.251461988
109,Saguache,50,92,30,103,0.194915254,0.0637,0.290960452
109,Saguache,55,123,63,27,0.328,0.1085,0.059210526
109,Saguache,60,45,85,31,0.185185185,0.1608,0.066666667
109,Saguache,65,19,32,23,0.093596059,0.0886,0.043233083
109,Saguache,70,5,25,-51,0.031446541,0.1081,-0.113585746
109,Saguache,75,12,-18,-38,0.083333333,-0.1257,-0.139194139
109,Saguache,80,-43,-20,-21,-0.589041096,-0.2396,-0.136363636
109,Saguache,85,-6,-58,-9,-0.127659574,-0.8259,-0.075
111,San Juan,0,0,8,2,0,0.2242,0.060606061
111,San Juan,5,-22,8,9,-0.88,0.2133,0.3
111,San Juan,10,-15,14,-1,-0.46875,0.3446,-0.025641026
111,San Juan,15,-2,-2,1,-0.051282051,-0.0852,0.026315789
111,San Juan,20,1,-4,-4,0.033333333,-0.1427,-0.108108108
111,San Juan,25,10,22,-1,0.333333333,0.3658,-0.038461538
111,San Juan,30,-11,29,17,-0.305555556,0.6738,0.5
111,San Juan,35,-2,25,4,-0.055555556,0.4644,0.060606061
111,San Juan,40,4,5,4,0.072727273,0.1168,0.088888889
111,San Juan,45,-2,24,0,-0.029411765,0.4069,0
111,San Juan,50,1,6,7,0.011627907,0.1021,0.175
111,San Juan,55,-9,1,-8,-0.204545455,0.0189,-0.148148148
111,San Juan,60,-13,-14,4,-0.464285714,-0.2022,0.08
111,San Juan,65,0,6,-16,0,0.1256,-0.31372549
111,San Juan,70,-4,-9,-15,-0.363636364,-0.5521,-0.254237288
111,San Juan,75,-6,2,-12,-0.6,0.1436,-0.292682927
111,San Juan,80,0,-4,-2,0,-1.2484,-0.166666667
111,San Juan,85,0,-4,-4,#DIV/0!,-0.5018,-0.4
113,San Miguel,0,0,-6,58,0,-0.0128,0.115768463
113,San Miguel,5,19,42,172,0.056379822,0.1013,0.345381526
113,San Miguel,10,0,89,195,0,0.2315,0.327181208
113,San Miguel,15,-16,-52,141,-0.048048048,-0.1828,0.270114943
113,San Miguel,20,306,40,100,0.570895522,0.1142,0.224215247
113,San Miguel,25,167,335,187,0.195093458,0.506,0.438967136
113,San Miguel,30,-165,70,414,-0.233711048,0.1162,0.728873239
113,San Miguel,35,-85,-235,296,-0.130568356,-0.3705,0.337129841
113,San Miguel,40,-50,-29,211,-0.07800312,-0.0434,0.275816993
113,San Miguel,45,24,-9,176,0.038461538,-0.0143,0.237516869
113,San Miguel,50,55,33,83,0.095486111,0.0501,0.11369863
113,San Miguel,55,50,10,44,0.139275766,0.0158,0.06875
113,San Miguel,60,13,-53,-48,0.077380952,-0.1065,-0.080133556
113,San Miguel,65,5,-40,-24,0.04950495,-0.132,-0.048096192
113,San Miguel,70,9,-49,-108,0.169811321,-0.4571,-0.277634961
113,San Miguel,75,-13,-23,-82,-0.361111111,-0.3551,-0.366071429
113,San Miguel,80,-9,-4,-11,-0.692307692,-0.1084,-0.146666667
113,San Miguel,85,-8,-11,-6,-0.470588235,-0.5032,-0.111111111
115,Sedgwick,0,0,20,10,0,0.1596,0.074626866
115,Sedgwick,5,22,-27,25,0.125714286,-0.2218,0.177304965
115,Sedgwick,10,-3,-18,33,-0.01744186,-0.1328,0.240875912
115,Sedgwick,15,-33,-38,-1,-0.181318681,-0.2839,-0.00877193
115,Sedgwick,20,-78,-73,-14,-0.634146341,-0.7397,-0.14
115,Sedgwick,25,-26,-62,-5,-0.203125,-0.5312,-0.046728972
115,Sedgwick,30,-2,-5,48,-0.012903226,-0.0466,0.452830189
115,Sedgwick,35,-13,-14,42,-0.083870968,-0.1276,0.320610687
115,Sedgwick,40,35,-32,39,0.171568627,-0.2587,0.3
115,Sedgwick,45,12,3,24,0.0591133,0.0183,0.193548387
115,Sedgwick,50,-19,3,16,-0.109195402,0.0164,0.124031008
115,Sedgwick,55,0,9,16,0,0.0426,0.104575163
115,Sedgwick,60,15,31,18,0.092592593,0.1702,0.093264249
115,Sedgwick,65,-14,-1,-19,-0.084337349,-0.0045,-0.106145251
115,Sedgwick,70,-10,-8,-21,-0.072992701,-0.0577,-0.141891892
115,Sedgwick,75,-4,-14,-11,-0.03125,-0.1267,-0.112244898
115,Sedgwick,80,13,-3,-21,0.151162791,-0.035,-0.24137931
115,Sedgwick,85,-9,-1,4,-0.138461538,-0.0086,0.038461538
117,Summit,0,0,-183,120,0,-0.1179,0.070629782
117,Summit,5,-53,-314,309,-0.042949757,-0.2232,0.183165382
117,Summit,10,-152,-122,397,-0.131830009,-0.0999,0.21482684
117,Summit,15,-31,14,363,-0.02284451,0.0113,0.205899036
117,Summit,20,1553,1137,1271,0.457841981,0.5001,0.522400329
117,Summit,25,279,1760,1326,0.074499332,0.5682,0.53968254
117,Summit,30,-493,-791,151,-0.173652695,-0.3003,0.071462376
117,Summit,35,-151,-1343,-196,-0.062242374,-0.5451,-0.072916667
117,Summit,40,-163,-556,284,-0.07022835,-0.2491,0.101031661
117,Summit,45,-62,-246,388,-0.032024793,-0.1163,0.13981982
117,Summit,50,-34,-69,182,-0.02232436,-0.0315,0.075456053
117,Summit,55,112,116,155,0.116303219,0.0583,0.070550751
117,Summit,60,31,167,6,0.050161812,0.1023,0.002799813
117,Summit,65,18,203,-56,0.041763341,0.1785,-0.0304679
117,Summit,70,-26,17,-106,-0.108333333,0.0278,-0.077034884
117,Summit,75,-61,-111,-119,-0.61,-0.3806,-0.138211382
117,Summit,80,-11,-78,-80,-0.25,-0.5556,-0.190930788
117,Summit,85,0,-49,-14,0,-0.8888,-0.063348416
119,Teller,0,0,73,60,0,0.0671,0.051679587
119,Teller,5,240,124,388,0.167247387,0.1007,0.329092451
119,Teller,10,170,267,468,0.097142857,0.183,0.354814253
119,Teller,15,21,63,352,0.013487476,0.0423,0.251788269
119,Teller,20,-437,-865,173,-0.633333333,-0.9892,0.123044097
119,Teller,25,306,-653,83,0.359576968,-0.7355,0.063650307
119,Teller,30,299,294,663,0.247311828,0.3056,0.588809947
119,Teller,35,491,403,675,0.238581147,0.3288,0.57544757
119,Teller,40,283,400,587,0.117135762,0.2512,0.476461039
119,Teller,45,198,218,563,0.087186262,0.0971,0.390700902
119,Teller,50,336,161,413,0.17591623,0.0639,0.235461802
119,Teller,55,73,336,326,0.057982526,0.1336,0.140820734
119,Teller,60,115,405,123,0.130237826,0.1833,0.050224581
119,Teller,65,51,242,-120,0.074020319,0.1691,-0.052562418
119,Teller,70,26,-24,-235,0.060046189,-0.0315,-0.131138393
119,Teller,75,-62,-119,-163,-0.248,-0.2417,-0.159491194
119,Teller,80,-12,-53,-73,-0.094488189,-0.2142,-0.147474747
119,Teller,85,-31,2,-21,-0.607843137,0.0152,-0.055263158
121,Washington,0,0,48,9,0,0.1731,0.034883721
121,Washington,5,13,56,19,0.039274924,0.1982,0.077868852
121,Washington,10,-17,27,2,-0.042079208,0.0819,0.006535948
121,Washington,15,-70,1,-12,-0.186170213,0.0021,-0.045454545
121,Washington,20,-203,-180,-98,-0.995098039,-0.8307,-0.368421053
121,Washington,25,21,-127,-104,0.090517241,-0.5151,-0.363636364
121,Washington,30,-48,49,-11,-0.180451128,0.2041,-0.04526749
121,Washington,35,-32,9,34,-0.094117647,0.0398,0.120567376
121,Washington,40,-50,41,-5,-0.127226463,0.1331,-0.018656716
121,Washington,45,-40,28,18,-0.108401084,0.0781,0.074688797
121,Washington,50,20,32,2,0.065789474,0.0763,0.006369427
121,Washington,55,17,6,31,0.059649123,0.0167,0.087570621
121,Washington,60,8,9,-19,0.034042553,0.0305,-0.04859335
121,Washington,65,-14,10,-13,-0.063636364,0.0381,-0.041269841
121,Washington,70,4,6,-45,0.015444015,0.0311,-0.18442623
121,Washington,75,-108,-30,-25,-0.542713568,-0.2034,-0.11627907
121,Washington,80,-33,-29,-23,-0.270491803,-0.1677,-0.154362416
121,Washington,85,-199,-15,2,-2.970149254,-0.106,0.011299435
123,Weld,0,0,171,747,0,0.0086,0.030317789
123,Weld,5,1526,2691,3307,0.1048509,0.1304,0.13968911
123,Weld,10,1392,4837,3757,0.096989967,0.2549,0.155177399
123,Weld,15,2282,5114,5430,0.139982824,0.2603,0.199801303
123,Weld,20,2791,4974,6301,0.171184985,0.2583,0.235824694
123,Weld,25,-371,1100,1995,-0.02814871,0.0639,0.083742602
123,Weld,30,1475,1583,3065,0.114243668,0.0893,0.129521636
123,Weld,35,1721,4714,5016,0.12158248,0.2661,0.213029814
123,Weld,40,1133,4456,3808,0.080600413,0.2601,0.167583506
123,Weld,45,1088,3322,2814,0.084827694,0.1938,0.134448161
123,Weld,50,731,3296,1207,0.07078532,0.1949,0.064154353
123,Weld,55,104,2729,1332,0.013686011,0.1824,0.074747475
123,Weld,60,186,2469,501,0.031360647,0.2038,0.029567989
123,Weld,65,212,1472,262,0.04452846,0.177,0.01799327
123,Weld,70,133,939,-154,0.032694199,0.1578,-0.013533702
123,Weld,75,164,571,-70,0.049382716,0.1351,-0.009482525
123,Weld,80,26,459,56,0.01172756,0.1482,0.011909826
123,Weld,85,63,562,21,0.04876161,0.1947,0.004824259
125,Yuma,0,0,16,34,0,0.0208,0.047026279
125,Yuma,5,112,32,79,0.149333333,0.044,0.100893997
125,Yuma,10,86,38,112,0.103117506,0.0557,0.13810111
125,Yuma,15,-77,-41,-64,-0.097345133,-0.0577,-0.096096096
125,Yuma,20,-317,-338,-137,-0.704444444,-0.6813,-0.277327935
125,Yuma,25,134,-149,-138,0.23885918,-0.233,-0.26487524
125,Yuma,30,84,141,124,0.14893617,0.2429,0.266094421
125,Yuma,35,57,50,137,0.082251082,0.0831,0.205705706
125,Yuma,40,7,48,78,0.009628611,0.0774,0.126009693
125,Yuma,45,-53,-24,80,-0.076700434,-0.0363,0.126984127
125,Yuma,50,-10,7,41,-0.017123288,0.0101,0.065079365
125,Yuma,55,-9,-17,64,-0.017751479,-0.0266,0.09653092
125,Yuma,60,4,31,-12,0.009779951,0.0537,-0.017751479
125,Yuma,65,2,7,-35,0.004728132,0.0158,-0.060869565
125,Yuma,70,0,23,-49,0,0.0635,-0.101659751
125,Yuma,75,-27,-17,-40,-0.089700997,-0.0538,-0.108695652
125,Yuma,80,8,0,-29,0.033195021,-0.0002,-0.11372549
125,Yuma,85,16,16,-11,0.104575163,0.0632,-0.062484838
0,Colorado,0,0,-2490,9918,0,-0.0073,0.0164066
0,Colorado,5,15952,10812,35626,0.051485634,0.031,0.074672022
0,Colorado,10,11828,36274,41251,0.037619753,0.1086,0.106467937
0,Colorado,15,9891,29671,49140,0.031767623,0.0874,0.116776665
0,Colorado,20,36360,37062,76474,0.118499314,0.1059,0.185066283
0,Colorado,25,37424,66419,51045,0.112559138,0.1779,0.132374483
0,Colorado,30,24818,50728,50788,0.074181515,0.1424,0.121470749
0,Colorado,35,19454,20462,56573,0.053050467,0.0581,0.123045788
0,Colorado,40,13606,18966,42157,0.036299047,0.0544,0.078142766
0,Colorado,45,6491,8246,29037,0.019052008,0.0223,0.079502044
0,Colorado,50,4600,8549,21696,0.016099224,0.023,0.038582095
0,Colorado,55,1763,4881,16822,0.008910471,0.0148,0.056138854
0,Colorado,60,-920,6161,8828,-0.006301543,0.0225,0.002647872
0,Colorado,65,-855,4482,3625,-0.007041905,0.0243,-0.021467115
0,Colorado,70,-490,2800,1425,-0.004636602,0.0217,-0.061976722
0,Colorado,75,134,462,1893,0.001548829,0.0048,-0.050976778
0,Colorado,80,1361,1922,2431,0.024298982,0.0262,-0.026576459
0,Colorado,85,2277,9438,39823,0.071702985,0.1342,0.003119628
