gid,objectid,statefp,placefp,geoid,name,namelsad,geonum,x,y,geom
1,1,08,09555,0809555,Brush,Brush city,10809555,-103.632,40.2581,0101000020AD100000B457734E75E859C0D7F8AB9E0A214440
2,2,08,36610,0836610,Hillrose,Hillrose town,10836610,-103.522,40.3247,0101000020AD100000FB93FD4E6BE159C0D58E3D428E294440
3,3,08,45695,0845695,Log Lane Village,Log Lane Village town,10845695,-103.829,40.2702,0101000020AD100000CB455C9814F559C0CA42C9E896224440
4,4,08,84770,0884770,Wiggins,Wiggins town,10884770,-104.073,40.2275,0101000020AD1000007B0C7343AF045AC0C41950471E1D4440
5,5,08,33310,0833310,Grover,Grover town,10833310,-104.226,40.8691,0101000020AD1000005E7686AC750E5AC0EA65B2083F6F4440
6,6,08,13460,0813460,Cheraw,Cheraw town,10813460,-103.511,38.1081,0101000020AD10000045816E04B3E059C04814265CD60D4340
7,7,08,48500,0848500,Manzanola,Manzanola town,10848500,-103.867,38.1088,0101000020AD10000062893C4B79F759C03810C1F7ED0D4340
8,8,08,08345,0808345,Branson,Branson town,10808345,-103.884,37.0155,0101000020AD100000CE10DCCD8FF859C0FDE402AAFB814240
9,9,08,78610,0878610,Trinidad,Trinidad city,10878610,-104.491,37.1748,0101000020AD100000892711CF671F5AC0E72D7D3B61964240
10,10,08,40570,0840570,Kim,Kim town,10840570,-103.353,37.2471,0101000020AD100000B83CE64A9ED659C09BE5C5BD9F9F4240
11,11,08,26875,0826875,Fleming,Fleming town,10826875,-102.839,40.6818,0101000020AD10000070143A6FB9B559C0C58E0D4744574440
12,12,08,58235,0858235,Peetz,Peetz town,10858235,-103.114,40.962,0101000020AD10000082A4658F4FC759C0A999564F247B4440
13,13,08,43660,0843660,Las Animas,Las Animas city,10843660,-103.224,38.0695,0101000020AD100000A96491814ECE59C0E3DA15F3E5084340
14,14,08,28690,0828690,Frisco,Frisco town,10828690,-106.092,39.5794,0101000020AD100000C6F18260E1855AC07741118E29CA4340
15,15,08,53120,0853120,Naturita,Naturita town,10853120,-108.568,38.2186,0101000020AD1000001F7A6DCE5E245BC092791D95F91B4340
16,16,08,54935,0854935,Nucla,Nucla town,10854935,-108.549,38.2665,0101000020AD1000001DF984271E235BC0F23D35CC1D224340
17,17,08,55540,0855540,Olathe,Olathe town,10855540,-107.983,38.6083,0101000020AD1000005F52C1DEE6FE5AC00B75DC69DD4D4340
18,18,08,17375,0817375,Cortez,Cortez city,10817375,-108.577,37.3498,0101000020AD100000706DF29AEB245BC02DAA4817C7AC4240
19,19,08,66895,0866895,Rye,Rye town,10866895,-104.932,37.9213,0101000020AD100000BB01A519A83B5AC0EE198B8CECF54240
20,20,08,28305,0828305,Fraser,Fraser town,10828305,-105.803,39.9304,0101000020AD100000947522EA64735AC097275FBE15F74340
21,21,08,31715,0831715,Grand Lake,Grand Lake town,10831715,-105.824,40.2505,0101000020AD1000002C325F3CB7745AC05B02946A10204440
22,22,08,37600,0837600,Hot Sulphur Springs,Hot Sulphur Springs town,10837600,-106.102,40.0748,0101000020AD10000086B7B7208F865AC00AFCBB2694094440
23,23,08,41560,0841560,Kremmling,Kremmling town,10841560,-106.378,40.0565,0101000020AD100000845A66CA33985AC05B387CC93C074440
24,24,08,85705,0885705,Winter Park,Winter Park town,10885705,-105.783,39.8778,0101000020AD10000081ACE89819725AC035D0E7A45CF04340
25,25,08,18310,0818310,Crested Butte,Crested Butte town,10818310,-106.977,38.8677,0101000020AD1000001300018B8BBE5AC031B3BEF7116F4340
26,26,08,23740,0823740,Elizabeth,Elizabeth town,10823740,-104.606,39.361,0101000020AD100000A01A1A85CB265AC0ADE2C1BD35AE4340
27,27,08,40790,0840790,Kiowa,Kiowa town,10840790,-104.455,39.343,0101000020AD10000004CC058E251D5AC0412517C5E8AB4340
28,28,08,27425,0827425,Fort Collins,Fort Collins city,10827425,-105.066,40.5488,0101000020AD1000008BCE111737445AC0FB02C9323E464440
29,29,08,86310,0886310,Wray,Wray city,10886310,-102.228,40.0799,0101000020AD1000006D2CFC2B968E59C0D2AEF7A43A0A4440
30,30,08,49875,0849875,Meeker,Meeker town,10849875,-107.895,40.0498,0101000020AD100000D079206E4DF95AC04877B4D65F064440
31,31,08,00925,0800925,Akron,Akron town,10800925,-103.221,40.1644,0101000020AD1000008194DDB91FCE59C087325F770A154440
32,32,08,62880,0862880,Rangely,Rangely town,10862880,-108.777,40.0864,0101000020AD1000009124BBFBBF315BC0075A57AA100B4440
33,33,08,17760,0817760,Craig,Craig city,10817760,-107.556,40.517,0101000020AD10000069B97E2690E35AC0D9FD491F2E424440
34,34,08,20495,0820495,Dinosaur,Dinosaur town,10820495,-109.009,40.2406,0101000020AD100000AD0137BB8C405BC0DA661864CA1E4440
35,35,08,68655,0868655,Sawpit,Sawpit town,10868655,-108.001,37.9946,0101000020AD10000078F6B27913005BC09AFFD3BE4FFF4240
36,36,08,19080,0819080,Dacono,Dacono city,10819080,-104.95,40.0617,0101000020AD100000FF24955DCD3C5AC0648D26ABE6074440
37,37,08,85485,0885485,Windsor,Windsor town,10885485,-104.921,40.4666,0101000020AD100000E60ED018F73A5AC06699E3C5BA3B4440
38,38,08,39855,0839855,Johnstown,Johnstown town,10839855,-104.949,40.349,0101000020AD100000828A918EBB3C5AC040B09372AC2C4440
39,39,08,45530,0845530,Lochbuie,Lochbuie town,10845530,-104.727,40.0116,0101000020AD100000F0588150892E5AC035FAC0477B014440
40,40,08,63045,0863045,Raymer (New Raymer),Raymer (New Raymer) town,10863045,-103.844,40.6078,0101000020AD100000D6D88D7B09F659C05A64F904CB4D4440
41,41,08,37820,0837820,Hudson,Hudson town,10837820,-104.627,40.0891,0101000020AD100000B40302D422285AC053E7B227670B4440
42,42,08,45970,0845970,Longmont,Longmont city,10845970,-105.099,40.1693,0101000020AD10000092A306485B465AC0EF6F64FDA9154440
43,43,08,22860,0822860,Eaton,Eaton town,10822860,-104.713,40.5252,0101000020AD10000069F3DCD3A62D5AC0A380482439434440
44,44,08,40515,0840515,Kersey,Kersey town,10840515,-104.566,40.3874,0101000020AD1000007CEC912837245AC0AD15D03E97314440
45,45,08,82350,0882350,Walsenburg,Walsenburg city,10882350,-104.782,37.6306,0101000020AD1000004548D2B607325AC06539BC72B7D04240
46,46,08,19355,0819355,De Beque,De Beque town,10819355,-108.195,39.2879,0101000020AD10000051559C897E0C5BC0298B8762D9A44340
47,47,08,34520,0834520,Hartman,Hartman town,10834520,-102.222,38.1211,0101000020AD1000004200188C2F8E59C0C9A1DACD800F4340
48,48,08,73825,0873825,Steamboat Springs,Steamboat Springs city,10873825,-106.823,40.4774,0101000020AD10000083FCCAD7B0B45AC00C8BC5E91B3D4440
49,49,08,09115,0809115,Brookside,Brookside town,10809115,-105.191,38.4135,0101000020AD100000954D69533A4C5AC0F11702FBEE344340
50,50,08,11810,0811810,Cañon City,Cañon City city,10811810,-105.22,38.443,0101000020AD100000CAA59165154E5AC0A5D34A34B5384340
51,51,08,08400,0808400,Breckenridge,Breckenridge town,10808400,-106.043,39.4996,0101000020AD10000002916E3EC5825AC028CF8CB3F3BF4340
52,52,08,51690,0851690,Montezuma,Montezuma town,10851690,-105.868,39.5817,0101000020AD10000076D0B9788E775AC0463BCE5A75CA4340
53,53,08,82130,0882130,Walden,Walden town,10882130,-106.281,40.7316,0101000020AD100000CE5AB46901925AC0A07B5B8BA45D4440
54,54,08,11645,0811645,Campo,Campo town,10811645,-102.579,37.1047,0101000020AD10000006D266080BA559C022FD0230678D4240
55,55,08,06530,0806530,Bethune,Bethune town,10806530,-102.423,39.3038,0101000020AD100000C7E5BA38199B59C00C448EA6E3A64340
56,56,08,10600,0810600,Burlington,Burlington city,10810600,-102.271,39.3045,0101000020AD10000045F46CA55F9159C0D061BF8DF9A64340
57,57,08,57630,0857630,Parker,Parker town,10857630,-104.774,39.5074,0101000020AD10000030DE4D6490315AC0CCA23E9BF1C04340
58,58,08,56420,0856420,Ouray,Ouray city,10856420,-107.674,38.0274,0101000020AD100000B3ECDAF11BEB5AC03CE1AFD882034340
59,59,08,03620,0803620,Aspen,Aspen city,10803620,-106.837,39.195,0101000020AD100000D9F0C77891B55AC04DF65A2AF4984340
60,60,08,71755,0871755,Snowmass Village,Snowmass Village town,10871755,-106.939,39.2202,0101000020AD100000650CDA1D1DBC5AC0B0B9F726319C4340
61,61,08,14175,0814175,Cheyenne Wells,Cheyenne Wells town,10814175,-102.352,38.8192,0101000020AD10000052B0A0A8879659C028455C98DB684340
62,62,08,11260,0811260,Calhan,Calhan town,10811260,-104.299,39.0344,0101000020AD1000009E488F1425135AC063B73A7768844340
63,63,08,16000,0816000,Colorado Springs,Colorado Springs city,10816000,-104.761,38.8673,0101000020AD100000400B2B3EAE305AC0399887E2026F4340
64,64,08,27975,0827975,Fowler,Fowler town,10827975,-104.026,38.1296,0101000020AD100000AC7C9EA1A4015AC052954BBD97104340
65,65,08,26765,0826765,Flagler,Flagler town,10826765,-103.077,39.2955,0101000020AD1000006C5A7FC3E8C459C0A5296AA4D2A54340
66,66,08,74485,0874485,Stratton,Stratton town,10874485,-102.603,39.3029,0101000020AD100000CA2D694E9FA659C0B3C317DEC4A64340
67,67,08,27810,0827810,Fort Morgan,Fort Morgan city,10827810,-103.791,40.256,0101000020AD100000D9937D769AF259C05041CD10C5204440
68,68,08,19850,0819850,Delta,Delta city,10819850,-108.077,38.7561,0101000020AD100000FBA98777F3045BC0A8F4333BC8604340
69,69,08,65190,0865190,Rocky Ford,Rocky Ford city,10865190,-103.723,38.05,0101000020AD1000004627B2053FEE59C032A5AB1066064340
70,70,08,75970,0875970,Swink,Swink town,10875970,-103.628,38.0141,0101000020AD100000872919D133E859C0AE59D799CF014340
71,71,08,38590,0838590,Iliff,Iliff town,10838590,-103.066,40.7583,0101000020AD1000002258706F3BC459C0DB074E0B11614440
72,72,08,73935,0873935,Sterling,Sterling city,10873935,-103.192,40.6207,0101000020AD10000039A6029D47CC59C02EEC3841734F4440
73,73,08,27865,0827865,Fountain,Fountain city,10827865,-104.674,38.6863,0101000020AD100000ED64E7FA272B5AC0E0EF24BED9574340
74,74,08,51800,0851800,Monument,Monument town,10851800,-104.847,39.0736,0101000020AD100000E162C79132365AC005E3EE066C894340
75,75,08,86090,0886090,Woodland Park,Woodland Park city,10886090,-105.06,38.9987,0101000020AD100000CBC4C672CF435AC0ED8077A7D57F4340
76,76,08,81690,0881690,Vona,Vona town,10881690,-102.743,39.3021,0101000020AD10000016EE891293AF59C04D2E12DAABA64340
77,77,08,74815,0874815,Sugar City,Sugar City town,10874815,-103.663,38.2328,0101000020AD10000067A108B473EA59C04E89B884CB1D4340
78,78,08,18750,0818750,Crowley,Crowley town,10818750,-103.86,38.1935,0101000020AD100000585CFE0906F759C0DFCEB0CDC4184340
79,79,08,55705,0855705,Olney Springs,Olney Springs town,10855705,-103.944,38.1663,0101000020AD100000C8293A8C72FC59C0EAA9957648154340
80,80,08,56145,0856145,Ordway,Ordway town,10856145,-103.757,38.2209,0101000020AD100000C33BD86F6DF059C0F5215166461C4340
81,81,08,51745,0851745,Montrose,Montrose city,10851745,-107.861,38.4692,0101000020AD100000B2F2DC7C15F75AC0342F69FE0D3C4340
82,82,08,70635,0870635,Simla,Simla town,10870635,-104.082,39.1411,0101000020AD10000000E1B6743B055AC08F4BDAF80D924340
83,83,08,23025,0823025,Eckley,Eckley town,10823025,-102.489,40.1125,0101000020AD1000005CA0A653449F59C04415FD4F650E4440
84,84,08,48445,0848445,Manitou Springs,Manitou Springs city,10848445,-104.912,38.8576,0101000020AD1000007964DC41653A5AC021ACE5DEC56D4340
85,85,08,57025,0857025,Palmer Lake,Palmer Lake town,10857025,-104.905,39.1156,0101000020AD1000005FFD5B1EED395AC06A3A52CBCA8E4340
86,86,08,62660,0862660,Ramah,Ramah town,10862660,-104.167,39.1222,0101000020AD100000D85FC29AB50A5AC0893A177BA58F4340
87,87,08,72395,0872395,South Fork,South Fork town,10872395,-106.643,37.6694,0101000020AD100000150BDC0121A95AC01C1D9CA7ADD54240
88,88,08,15330,0815330,Coal Creek,Coal Creek town,10815330,-105.142,38.362,0101000020AD100000BED400F512495AC0601E7446572E4340
89,89,08,67280,0867280,Salida,Salida city,10867280,-105.999,38.5303,0101000020AD1000005E809F14EC7F5AC0DD4D860BE0434340
90,90,08,32650,0832650,Green Mountain Falls,Green Mountain Falls town,10832650,-105.024,38.9343,0101000020AD100000223E3B8884415AC07314C3EB97774340
91,91,08,18530,0818530,Cripple Creek,Cripple Creek city,10818530,-105.184,38.7462,0101000020AD1000004F895B55C74B5AC005E667D4815F4340
92,92,08,80865,0880865,Victor,Victor city,10880865,-105.142,38.709,0101000020AD100000E9E1122614495AC0F04E37A3C05A4340
93,93,08,73330,0873330,Springfield,Springfield town,10873330,-102.619,37.4049,0101000020AD1000004CAAD1079CA759C02AA02642D4B34240
94,94,08,79270,0879270,Two Buttes,Two Buttes town,10879270,-102.397,37.5607,0101000020AD10000024C5DD2A619959C023A6A6D8C3C74240
95,95,08,81030,0881030,Vilas,Vilas town,10881030,-102.447,37.3737,0101000020AD100000D3801078A29C59C0634BFB3AD4AF4240
96,96,08,27040,0827040,Florence,Florence city,10827040,-105.112,38.382,0101000020AD100000CF39320026475AC0FA01F4B1E6304340
97,97,08,64970,0864970,Rockvale,Rockvale town,10864970,-105.165,38.3647,0101000020AD100000630A1CBD8B4A5AC00CA37FEEAE2E4340
98,98,08,85155,0885155,Williamsburg,Williamsburg town,10885155,-105.171,38.384,0101000020AD100000634B3099F44A5AC0619F245E26314340
99,99,08,44320,0844320,Leadville,Leadville city,10844320,-106.294,39.2467,0101000020AD1000007811DBD6C8925AC0A61CB19F939F4340
100,100,08,57400,0857400,Parachute,Parachute town,10857400,-108.055,39.45,0101000020AD100000184535FF83035BC0C9978B6799B94340
101,101,08,42330,0842330,Lake City,Lake City town,10842330,-107.31,38.0302,0101000020AD100000D840F8FDDCD35AC001957C86DC034340
102,102,08,10105,0810105,Buena Vista,Buena Vista town,10810105,-106.139,38.8318,0101000020AD100000AFF68E8CE4885AC020477C077A6A4340
103,103,08,60600,0860600,Poncha Springs,Poncha Springs town,10860600,-106.096,38.5131,0101000020AD100000D6C3D07929865AC08AAF815BAD414340
104,104,08,42110,0842110,La Junta,La Junta city,10842110,-103.547,37.9796,0101000020AD100000C58A68BD03E359C04EF63BF364FD4240
105,105,08,25115,0825115,Estes Park,Estes Park town,10825115,-105.521,40.3703,0101000020AD100000B29E04A05F615AC06B42A68A652F4440
106,106,08,83230,0883230,Wellington,Wellington town,10883230,-105.006,40.6999,0101000020AD10000047F545C65F405AC0AD65DA7896594440
107,107,08,48115,0848115,Mancos,Mancos town,10848115,-108.294,37.3466,0101000020AD100000FC1EA28ACE125BC0176FD2485DAC4240
108,108,08,45955,0845955,Lone Tree,Lone Tree city,10845955,-104.871,39.5307,0101000020AD10000031B4810BBF375AC0D9D5B67AEFC34340
109,109,08,12415,0812415,Castle Rock,Castle Rock town,10812415,-104.853,39.3761,0101000020AD1000001586E4709F365AC0137133F223B04340
110,110,08,18640,0818640,Crook,Crook town,10818640,-102.801,40.8588,0101000020AD100000A7CB3C014AB359C008B3A198EB6D4440
111,111,08,55980,0855980,Orchard City,Orchard City town,10855980,-107.971,38.814,0101000020AD100000C98DF7C421FE5AC00FF6A6CA30684340
112,112,08,50040,0850040,Merino,Merino town,10850040,-103.354,40.4848,0101000020AD100000A2A048A5A1D659C0FE302CC20E3E4440
113,113,08,07571,0807571,Bonanza,Bonanza town,10807571,-106.142,38.2966,0101000020AD1000009D0B997014895AC01ABAA23AF7254340
114,114,08,18420,0818420,Crestone,Crestone town,10818420,-105.696,37.9945,0101000020AD100000CCB6A8BA8F6C5AC009F5A3AE4BFF4240
115,115,08,51250,0851250,Moffat,Moffat town,10851250,-105.905,38.002,0101000020AD100000C0EA9BFBF2795AC0C346137341004340
116,116,08,67005,0867005,Saguache,Saguache town,10867005,-106.141,38.0862,0101000020AD100000B71DAE1C04895AC0973BD9260A0B4340
117,117,08,24620,0824620,Empire,Empire town,10824620,-105.683,39.7594,0101000020AD1000009A993A38B46B5AC0301234A835E14340
118,118,08,29735,0829735,Georgetown,Georgetown town,10829735,-105.694,39.7175,0101000020AD1000006295AA24716C5AC065FB9A27D6DB4340
119,119,08,70360,0870360,Silver Plume,Silver Plume town,10870360,-105.726,39.6957,0101000020AD100000B1D11A157E6E5AC04626A1660CD94340
120,120,08,12635,0812635,Cedaredge,Cedaredge town,10812635,-107.925,38.8941,0101000020AD100000DE859C5C3BFB5AC0BDB07F2073724340
121,121,08,17925,0817925,Crawford,Crawford town,10817925,-107.61,38.7052,0101000020AD100000DD86233C0BE75AC0DFBA2E72435A4340
122,122,08,57300,0857300,Paonia,Paonia town,10857300,-107.591,38.8698,0101000020AD1000003747C909DAE55AC063639060566F4340
123,123,08,15605,0815605,Collbran,Collbran town,10815605,-107.964,39.24,0101000020AD1000004506BF72B1FD5AC0C2EBF2D7B89E4340
124,124,08,28745,0828745,Fruita,Fruita city,10828745,-108.728,39.1539,0101000020AD10000001FF529C9D2E5BC0A4A85782B3934340
125,125,08,64200,0864200,Ridgway,Ridgway town,10864200,-107.753,38.1591,0101000020AD100000EA8431F432F05AC0CDE5D6555E144340
126,126,08,61315,0861315,Pritchett,Pritchett town,10861315,-102.859,37.37,0101000020AD100000AECCDCBEF5B659C0F8126D755CAF4240
127,127,08,82460,0882460,Walsh,Walsh town,10882460,-102.28,37.3861,0101000020AD1000000B1D346CEA9159C0AFD428F76BB14240
128,128,08,56970,0856970,Palisade,Palisade town,10856970,-108.358,39.1077,0101000020AD1000005C2AEFACF0165BC07D6B452FCA8D4340
129,129,08,52075,0852075,Morrison,Morrison town,10852075,-105.194,39.6424,0101000020AD100000AB5F8B706F4C5AC0F01A89F13AD24340
130,130,08,05265,0805265,Bayfield,Bayfield town,10805265,-107.595,37.2352,0101000020AD10000047BFAF6D11E65AC0A310A5A11C9E4240
131,131,08,38535,0838535,Ignacio,Ignacio town,10838535,-107.637,37.1177,0101000020AD1000007A301026CCE85AC006AB90C2118F4240
132,132,08,70580,0870580,Silverton,Silverton town,10870580,-107.665,37.8111,0101000020AD10000084D2238189EA5AC00C3B4AE1D1E74240
133,133,08,46355,0846355,Louisville,Louisville city,10846355,-105.144,39.9709,0101000020AD1000007299693639495AC0FE54252345FC4340
134,134,08,31605,0831605,Granby,Granby town,10831605,-105.92,40.0657,0101000020AD1000003DE0E05ED97A5AC03263AA8167084440
135,135,08,68105,0868105,San Luis,San Luis town,10868105,-105.422,37.2023,0101000020AD100000FEB6F9B7095B5AC0DA010453E6994240
136,136,08,39965,0839965,Julesburg,Julesburg town,10839965,-102.263,40.985,0101000020AD100000F765E51DCE9059C0E9783A1C147E4440
137,137,08,56475,0856475,Ovid,Ovid town,10856475,-102.388,40.9606,0101000020AD100000641979C2DA9859C0938DDBC1F37A4440
138,138,08,68930,0868930,Sedgwick,Sedgwick town,10868930,-102.526,40.9351,0101000020AD100000EE6BACA3A4A159C04FEF7451B0774440
139,139,08,23135,0823135,Edgewater,Edgewater city,10823135,-105.063,39.7508,0101000020AD10000093843DE401445AC01F193BDB1AE04340
140,140,08,52350,0852350,Mountain View,Mountain View town,10852350,-105.057,39.7748,0101000020AD10000018C30827A1435AC05255A6DD2BE34340
141,141,08,40185,0840185,Keenesburg,Keenesburg town,10840185,-104.508,40.1081,0101000020AD100000897353737F205AC073B2E2D0D60D4440
142,142,08,55045,0855045,Nunn,Nunn town,10855045,-104.79,40.7119,0101000020AD100000B1DFD91D8C325AC022CA8223205B4440
143,143,08,56860,0856860,Pagosa Springs,Pagosa Springs town,10856860,-107.03,37.2675,0101000020AD100000C6A1167BEDC15AC01B81BBE83CA24240
144,144,08,07850,0807850,Boulder,Boulder city,10807850,-105.251,40.0274,0101000020AD100000F2EA9DAC15505AC0CB74F60682034440
145,145,08,39195,0839195,Jamestown,Jamestown town,10839195,-105.392,40.1179,0101000020AD1000007514DD0510595AC0453637DB160F4440
146,146,08,47070,0847070,Lyons,Lyons town,10847070,-105.269,40.2232,0101000020AD1000004AC538313C515AC0BE56E8F4901C4440
147,147,08,53175,0853175,Nederland,Nederland town,10853175,-105.507,39.9633,0101000020AD10000007BD1DDD75605AC001DB18DA4DFB4340
148,148,08,12910,0812910,Central City,Central City city,10812910,-105.515,39.7964,0101000020AD1000004CB5216EF6605AC021CAF88DF0E54340
149,149,08,38370,0838370,Idaho Springs,Idaho Springs city,10838370,-105.5,39.7442,0101000020AD1000002E2B840CF85F5AC0371BE68D43DF4340
150,150,08,07795,0807795,Boone,Boone town,10807795,-104.258,38.2493,0101000020AD100000F2A90E5381105AC04E4528FAE81F4340
151,151,08,01530,0801530,Alma,Alma town,10801530,-106.066,39.2853,0101000020AD1000006F6E8DA632845AC0F778B53F83A44340
152,152,08,25610,0825610,Fairplay,Fairplay town,10825610,-105.996,39.2245,0101000020AD1000001CAA446DBC7F5AC025C2C85ABC9C4340
153,153,08,06255,0806255,Berthoud,Berthoud town,10806255,-105.041,40.3058,0101000020AD100000C7C927C5A2425AC03DE8C57A25274440
154,154,08,03950,0803950,Ault,Ault town,10803950,-104.734,40.5835,0101000020AD100000C377533DF92E5AC091DA239DAE4A4440
155,155,08,08675,0808675,Brighton,Brighton city,10808675,-104.796,39.9719,0101000020AD10000047A04799EE325AC06FCBEBC265FC4340
156,156,08,24950,0824950,Erie,Erie town,10824950,-105.04,40.0376,0101000020AD10000080EDC1498F425AC01AF028F2D0044440
157,157,08,27700,0827700,Fort Lupton,Fort Lupton city,10827700,-104.798,40.0828,0101000020AD10000015528D0616335AC049BA6044980A4440
158,158,08,29185,0829185,Garden City,Garden City town,10829185,-104.689,40.3946,0101000020AD100000541D40AB202C5AC0E36282F881324440
159,159,08,29955,0829955,Gilcrest,Gilcrest town,10829955,-104.782,40.2842,0101000020AD100000C143D1AC0C325AC0FF61B73A5F244440
160,160,08,32155,0832155,Greeley,Greeley city,10832155,-104.771,40.4146,0101000020AD10000040EB0ADB52315AC0EFFDF82210354440
161,161,08,09280,0809280,Broomfield,Broomfield city,10809280,-105.053,39.9541,0101000020AD10000057E55FDC5E435AC05DE7191F21FA4340
162,162,08,30780,0830780,Glenwood Springs,Glenwood Springs city,10830780,-107.335,39.546,0101000020AD100000F1AC81046FD55AC09A462E8AE4C54340
163,163,08,70195,0870195,Silt,Silt town,10870195,-107.654,39.5478,0101000020AD1000004C233DD7D8E95AC0F133BDD01DC64340
164,164,08,43605,0843605,La Salle,La Salle town,10843605,-104.706,40.3485,0101000020AD100000797194E82D2D5AC04B8A2D759C2C4440
165,165,08,49600,0849600,Mead,Mead town,10849600,-104.994,40.2293,0101000020AD100000F02CE561A23F5AC0196146845A1D4440
166,166,08,54330,0854330,Northglenn,Northglenn city,10854330,-104.978,39.9109,0101000020AD10000042C545499B3E5AC06646722897F44340
167,167,08,07410,0807410,Blue River,Blue River town,10807410,-106.035,39.4357,0101000020AD100000E0E0A12343825AC001AB9AEAC5B74340
168,168,08,20440,0820440,Dillon,Dillon town,10820440,-106.039,39.621,0101000020AD10000089F1693078825AC0E25044867CCF4340
169,169,08,70525,0870525,Silverthorne,Silverthorne town,10870525,-106.087,39.6563,0101000020AD100000F327CB2690855AC01471241102D44340
170,170,08,20770,0820770,Dolores,Dolores town,10820770,-108.5,37.474,0101000020AD100000CBD0EA19FD1F5BC05608BFB5ABBC4240
171,171,08,59005,0859005,Pierce,Pierce town,10859005,-104.755,40.6335,0101000020AD100000005433D754305AC001AB1C7F16514440
172,172,08,69150,0869150,Severance,Severance town,10869150,-104.863,40.5339,0101000020AD1000005D30A77736375AC0F48E150F58444440
173,173,08,77290,0877290,Thornton,Thornton city,10877290,-104.945,39.9195,0101000020AD1000008340291A753C5AC07F8B4216B1F54340
174,174,08,34740,0834740,Haswell,Haswell town,10834740,-103.165,38.4524,0101000020AD100000EB421CAA8DCA59C0ED0D94ECE9394340
175,175,08,06090,0806090,Bennett,Bennett town,10806090,-104.429,39.7367,0101000020AD1000004A2070686F1B5AC03B9019FB4BDE4340
176,176,08,03455,0803455,Arvada,Arvada city,10803455,-105.151,39.8321,0101000020AD1000008B60DF33A7495AC002B55A6F81EA4340
177,177,08,21265,0821265,Dove Creek,Dove Creek town,10821265,-108.906,37.7667,0101000020AD100000D52CF8C5003A5BC0A41D431422E24240
178,178,08,55870,0855870,Ophir,Ophir town,10855870,-107.829,37.8568,0101000020AD1000009A6229B60EF55AC0A55EC7EEACED4240
179,179,08,37545,0837545,Hotchkiss,Hotchkiss town,10837545,-107.714,38.7991,0101000020AD10000054CEB930ACED5AC0088432C047664340
180,180,08,12045,0812045,Carbondale,Carbondale town,10812045,-107.214,39.3946,0101000020AD10000026E92FF7B9CD5AC054FFDBD282B24340
181,181,08,53395,0853395,New Castle,New Castle town,10853395,-107.526,39.5784,0101000020AD100000A3040A5AADE15AC04AB609600ACA4340
182,182,08,64255,0864255,Rifle,Rifle city,10864255,-107.772,39.5361,0101000020AD1000008F7AD59D66F15AC087D6F00EA0C44340
183,183,08,86750,0886750,Yuma,Yuma city,10886750,-102.716,40.1239,0101000020AD1000007FEE76EAD9AD59C0D54DCE87DB0F4440
184,184,08,31660,0831660,Grand Junction,Grand Junction city,10831660,-108.568,39.0881,0101000020AD1000008236562A55245BC0AE31336C468B4340
185,185,08,35070,0835070,Hayden,Hayden town,10835070,-107.242,40.4852,0101000020AD1000001CFC740E82CF5AC00032A84B1C3E4440
186,186,08,55155,0855155,Oak Creek,Oak Creek town,10855155,-106.957,40.274,0101000020AD1000002646DDD940BD5AC0C072E12612234440
187,187,08,76795,0876795,Telluride,Telluride town,10876795,-107.826,37.9364,0101000020AD100000CDE10C00E2F45AC0861A5CE7DBF74240
188,188,08,86475,0886475,Yampa,Yampa town,10886475,-106.908,40.153,0101000020AD100000F570C4CA24BA5AC0F188745D95134440
189,189,08,52550,0852550,Mountain Village,Mountain Village town,10852550,-107.858,37.9324,0101000020AD10000094084418E7F65AC08EC9982358F74240
190,190,08,04110,0804110,Avon,Avon town,10804110,-106.514,39.6448,0101000020AD100000F8038286E1A05AC0A024223288D24340
191,191,08,54880,0854880,Norwood,Norwood town,10854880,-108.292,38.1288,0101000020AD1000005B9E6166AB125BC0C45F1F0B7E104340
192,192,08,50920,0850920,Minturn,Minturn town,10850920,-106.387,39.5462,0101000020AD1000009DD593BCC7985AC0938CC570EBC54340
193,193,08,63265,0863265,Red Cliff,Red Cliff town,10863265,-106.37,39.5091,0101000020AD100000B1947192AE975AC00559619D2BC14340
194,194,08,04935,0804935,Basalt,Basalt town,10804935,-107.042,39.3665,0101000020AD100000721128DFA8C25AC0D3654ED9E7AE4340
195,195,08,00760,0800760,Aguilar,Aguilar town,10800760,-104.655,37.4036,0101000020AD100000596BF31CEC295AC0E3ACAA02AAB34240
196,196,08,73715,0873715,Starkville,Starkville town,10873715,-104.523,37.1168,0101000020AD100000F7490AB57D215AC058A2B5F6F38E4240
197,197,08,43550,0843550,Larkspur,Larkspur town,10843550,-104.892,39.2317,0101000020AD1000008E0246871D395AC0AC47BB8FA99D4340
198,198,08,08070,0808070,Bow Mar,Bow Mar town,10808070,-105.051,39.6251,0101000020AD100000C617C94948435AC0A1CD91E804D04340
199,199,08,13845,0813845,Cherry Hills Village,Cherry Hills Village city,10813845,-104.948,39.6376,0101000020AD10000063C60DF2AC3C5AC068B9B2429BD14340
200,200,08,34960,0834960,Haxtun,Haxtun town,10834960,-102.63,40.6415,0101000020AD10000022DBA95D4AA859C0066DAE551D524440
201,201,08,57245,0857245,Paoli,Paoli town,10857245,-102.472,40.6129,0101000020AD10000064BB4B3F369E59C09323BC8C724E4440
202,202,08,16385,0816385,Columbine Valley,Columbine Valley town,10816385,-105.035,39.5994,0101000020AD100000C24D85193B425AC0B203DA56B8CC4340
203,203,08,28105,0828105,Foxfield,Foxfield town,10828105,-104.786,39.5884,0101000020AD1000007229F3EB4A325AC05CF172DD50CB4340
204,204,08,30340,0830340,Glendale,Glendale city,10830340,-104.935,39.7036,0101000020AD100000A7100625D93B5AC0C6EE30CB10DA4340
205,205,08,69645,0869645,Sheridan,Sheridan city,10869645,-105.018,39.6468,0101000020AD10000061D315BB27415AC0C838E439CAD24340
206,206,08,12815,0812815,Centennial,Centennial city,10812815,-104.868,39.5927,0101000020AD10000017F868958C375AC03C1B963DDECB4340
207,207,08,37270,0837270,Holyoke,Holyoke city,10837270,-102.299,40.5826,0101000020AD10000009D055701B9359C0C32A7243924A4440
208,208,08,37380,0837380,Hooper,Hooper town,10837380,-105.878,37.746,0101000020AD1000009F2DC1D02C785AC0E93FF6227CDF4240
209,209,08,42055,0842055,La Jara,La Jara town,10842055,-105.96,37.2736,0101000020AD100000D978B3B46D7D5AC06025C21404A34240
210,210,08,65740,0865740,Romeo,Romeo town,10865740,-105.985,37.1718,0101000020AD100000FC3B4A06117F5AC09B4C4929FE954240
211,211,08,02355,0802355,Antonito,Antonito town,10802355,-106.01,37.0766,0101000020AD100000231ADB78A7805AC0C710F932CE894240
212,212,08,48060,0848060,Manassa,Manassa town,10848060,-105.937,37.1738,0101000020AD100000A068EE4FFC7B5AC05B5B476E40964240
213,213,08,46465,0846465,Loveland,Loveland city,10846465,-105.062,40.4168,0101000020AD100000D554BF11FC435AC018A417015A354440
214,214,08,77510,0877510,Timnath,Timnath town,10877510,-104.962,40.5312,0101000020AD100000297657D58F3D5AC0E24E75FEFD434440
215,215,08,33640,0833640,Gunnison,Gunnison city,10833640,-106.923,38.5455,0101000020AD100000497035120BBB5AC01BE1273BD2454340
216,216,08,48555,0848555,Marble,Marble town,10848555,-107.19,39.0718,0101000020AD1000005F8FF89B30CC5AC02A1FEC4831894340
217,217,08,52570,0852570,Mount Crested Butte,Mount Crested Butte town,10852570,-106.959,38.9085,0101000020AD100000425815E25ABD5AC02D84093848744340
218,218,08,31550,0831550,Granada,Granada town,10831550,-102.312,38.063,0101000020AD1000002DA18001F39359C0A057F0900F084340
219,219,08,37215,0837215,Holly,Holly town,10837215,-102.125,38.0554,0101000020AD100000C2CA6B19FB8759C08E05E0E416074340
220,220,08,43110,0843110,Lamar,Lamar city,10843110,-102.616,38.0728,0101000020AD1000003654B19C66A759C0D5653E2A52094340
221,221,08,85045,0885045,Wiley,Wiley town,10885045,-102.719,38.1554,0101000020AD1000003B704D2A08AE59C06936F4B0E2134340
222,222,08,12855,0812855,Center,Center town,10812855,-106.11,37.7514,0101000020AD100000EB4A566F0D875AC07C9F56462CE04240
223,223,08,12387,0812387,Castle Pines,Castle Pines city,10812387,-104.871,39.4625,0101000020AD10000026C1E761B8375AC0F24A2C9733BB4340
224,224,08,69040,0869040,Seibert,Seibert town,10869040,-102.87,39.298,0101000020AD10000027B4E747A6B759C0C3156EC823A64340
225,225,08,29680,0829680,Genoa,Genoa town,10829680,-103.499,39.2783,0101000020AD10000082AB201BECDF59C07583A752A0A34340
226,226,08,37875,0837875,Hugo,Hugo town,10837875,-103.473,39.136,0101000020AD1000002BF07DBE4BDE59C0E3B4883667914340
227,227,08,04000,0804000,Aurora,Aurora city,10804000,-104.727,39.7088,0101000020AD10000019011E1B8A2E5AC0CBA30A52B8DA4340
228,228,08,16495,0816495,Commerce City,Commerce City city,10816495,-104.844,39.8638,0101000020AD100000E28C1E65FD355AC05564988490EE4340
229,229,08,26270,0826270,Federal Heights,Federal Heights city,10826270,-105.015,39.8651,0101000020AD100000CDA29FC5FC405AC09C36841EBAEE4340
230,230,08,83835,0883835,Westminster,Westminster city,10883835,-105.063,39.8837,0101000020AD100000B0FA4C3C03445AC01A0B46DB1CF14340
231,231,08,44980,0844980,Limon,Limon town,10844980,-103.685,39.2653,0101000020AD10000056F3CAB2D8EB59C09A5AB360F5A14340
232,232,08,14765,0814765,City of Creede,City of Creede town,10814765,-106.925,37.8491,0101000020AD10000007B8BE013ABB5AC07AE4556CAFEC4240
233,233,08,44100,0844100,La Veta,La Veta town,10844100,-105.008,37.5086,0101000020AD10000067199B0A8B405AC02DB5A49818C14240
234,234,08,20000,0820000,Denver,Denver city,10820000,-104.876,39.762,0101000020AD10000081A8B52D16385AC0A7DEF9D889E14340
235,235,08,70250,0870250,Silver Cliff,Silver Cliff town,10870250,-105.41,38.1204,0101000020AD100000D54679DA435A5AC0733C63D3680F4340
236,236,08,83450,0883450,Westcliffe,Westcliffe town,10883450,-105.465,38.1339,0101000020AD1000001250E117C95D5AC04F3C0B0225114340
237,237,08,19795,0819795,Del Norte,Del Norte town,10819795,-106.354,37.6784,0101000020AD1000004383ADCDA6965AC09B93645ED7D64240
238,238,08,51635,0851635,Monte Vista,Monte Vista city,10851635,-106.15,37.5788,0101000020AD10000049004D4D9F895AC05D6EEFE316CA4240
239,239,08,25280,0825280,Evans,Evans city,10825280,-104.739,40.3661,0101000020AD1000005B0629554A2F5AC0DE11AAF3DB2E4440
240,240,08,50480,0850480,Milliken,Milliken town,10850480,-104.856,40.3103,0101000020AD1000002B2FC059C2365AC048CF403FB9274440
241,241,08,60160,0860160,Platteville,Platteville town,10860160,-104.834,40.2241,0101000020AD1000008BBFB7E162355AC0F28B8808AE1C4440
242,242,08,80040,0880040,Vail,Vail town,10880040,-106.361,39.6386,0101000020AD1000005E02EDA918975AC07EE56C13BCD14340
243,243,08,26600,0826600,Firestone,Firestone town,10826600,-104.948,40.1503,0101000020AD1000006D9F9167A83C5AC04B5938903D134440
244,244,08,28360,0828360,Frederick,Frederick town,10828360,-104.968,40.1096,0101000020AD100000A2FF902BEE3D5AC0918743C9060E4440
245,245,08,62000,0862000,Pueblo,Pueblo city,10862000,-104.613,38.2702,0101000020AD10000059B9E9C93A275AC049A359B994224340
246,246,08,41010,0841010,Kit Carson,Kit Carson town,10841010,-102.795,38.7628,0101000020AD100000A5275047E7B259C0A9D1BF30A4614340
247,247,08,03235,0803235,Arriba,Arriba town,10803235,-103.274,39.2841,0101000020AD1000003397759E87D159C0A7873B035CA44340
248,248,08,15550,0815550,Cokedale,Cokedale town,10815550,-104.622,37.1442,0101000020AD1000008FC4E91FC8275AC0A23C83E375924240
249,249,08,07190,0807190,Blanca,Blanca town,10807190,-105.514,37.4393,0101000020AD10000083F87F9DDD605AC0D69853573AB84240
250,250,08,24785,0824785,Englewood,Englewood city,10824785,-104.994,39.6468,0101000020AD10000080D577F8A03F5AC02BA5090ACBD24340
251,251,08,33035,0833035,Greenwood Village,Greenwood Village city,10833035,-104.913,39.6152,0101000020AD1000008C92B16A6F3A5AC079A89C30C0CE4340
252,252,08,19630,0819630,Deer Trail,Deer Trail town,10819630,-104.043,39.6152,0101000020AD1000003787990BC3025AC04BC6F018BFCE4340
253,253,08,43000,0843000,Lakewood,Lakewood city,10843000,-105.117,39.6977,0101000020AD1000000EF5C0307C475AC087503D714DD94340
254,254,08,30835,0830835,Golden,Golden city,10830835,-105.212,39.7407,0101000020AD100000D2C7A86E954D5AC09B88F3E8CEDE4340
255,255,08,84440,0884440,Wheat Ridge,Wheat Ridge city,10884440,-105.103,39.7728,0101000020AD100000F754230F98465AC09FFD52E3E9E24340
256,256,08,45255,0845255,Littleton,Littleton city,10845255,-105.019,39.5912,0101000020AD100000467EF6A03B415AC0A51ABB62ABCB4340
257,257,08,42495,0842495,Lakeside,Lakeside town,10842495,-105.058,39.7802,0101000020AD1000004CC3EEC4B4435AC0B5113637DEE34340
258,258,08,75640,0875640,Superior,Superior town,10875640,-105.158,39.9347,0101000020AD100000011F08D8214A5AC0077D4613A4F74340
259,259,08,01090,0801090,Alamosa,Alamosa city,10801090,-105.877,37.4757,0101000020AD1000005ECC64041F785AC04945447AE4BC4240
260,260,08,41835,0841835,Lafayette,Lafayette city,10841835,-105.1,39.9946,0101000020AD1000005B61470160465AC0CFBF351850FF4340
261,261,08,82735,0882735,Ward,Ward town,10882735,-105.514,40.0726,0101000020AD1000002945E350DF605AC04ED89F704B094440
262,262,08,22035,0822035,Durango,Durango city,10822035,-107.872,37.2744,0101000020AD1000005F43C2AAD1F75AC016AA4D0220A34240
263,263,08,64090,0864090,Rico,Rico town,10864090,-108.031,37.6886,0101000020AD1000007A90010203025BC065725F0B23D84240
264,264,08,22145,0822145,Eads,Eads town,10822145,-102.78,38.4813,0101000020AD1000005CA1A0D9E7B159C0AD3B01C39C3D4340
265,265,08,69700,0869700,Sheridan Lake,Sheridan Lake town,10869700,-102.294,38.4667,0101000020AD100000EF86E937D39259C06799BD0EBC3B4340
266,266,08,07025,0807025,Black Hawk,Black Hawk city,10807025,-105.489,39.8011,0101000020AD100000CE2E37714F5F5AC04995D37189E64340
267,267,08,67830,0867830,Sanford,Sanford town,10867830,-105.901,37.2574,0101000020AD10000005D4A5BDA5795AC028D7C84EF3A04240
268,268,08,22200,0822200,Eagle,Eagle town,10822200,-106.816,39.6366,0101000020AD1000005631A50434B45AC05CE402A87DD14340
269,269,08,33695,0833695,Gypsum,Gypsum town,10833695,-106.935,39.6285,0101000020AD1000009AD27598CFBB5AC08D7E523C71D04340
270,270,08,59830,0859830,Pitkin,Pitkin town,10859830,-106.516,38.6086,0101000020AD100000E9A928C70DA15AC05144F0FBE64D4340
271,271,08,56365,0856365,Otis,Otis town,10856365,-102.962,40.1501,0101000020AD10000085329FAD93BD59C08A4E506B37134440
272,272,08,00320,0800320,Acres Green,Acres Green CDP,10800320,-104.896,39.5558,0101000020AD10000017DDEE6553395AC0CADFBCCA23C74340
273,273,08,00620,0800620,Aetna Estates,Aetna Estates CDP,10800620,-104.673,39.7381,0101000020AD1000006FDE3042162B5AC0A758A1EF7ADE4340
274,274,08,00870,0800870,Air Force Academy,Air Force Academy CDP,10800870,-104.864,38.9942,0101000020AD10000078A39E8C4A375AC0DBC02F89417F4340
275,275,08,01145,0801145,Alamosa East,Alamosa East CDP,10801145,-105.84,37.4767,0101000020AD10000064749142BD755AC07C97D02404BD4240
276,276,08,01420,0801420,Allenspark,Allenspark CDP,10801420,-105.511,40.2096,0101000020AD100000F9BEDC07AF605AC0D232EA6DD31A4440
277,277,08,01640,0801640,Alpine,Alpine CDP,10801640,-106.586,37.6878,0101000020AD1000002AC3EEFE83A55AC06F9BDA8E09D84240
278,278,08,01740,0801740,Altona,Altona CDP,10801740,-105.292,40.1254,0101000020AD100000E28A5D37B6525AC0F19AFA640C104440
279,279,08,01915,0801915,Amherst,Amherst CDP,10801915,-102.173,40.6832,0101000020AD1000009D9C73040C8B59C0E43F35B871574440
280,280,08,02575,0802575,Applewood,Applewood CDP,10802575,-105.16,39.7523,0101000020AD100000E5C3B088444A5AC0012CF9E84CE04340
281,281,08,02905,0802905,Arboles,Arboles CDP,10802905,-107.422,37.0201,0101000020AD100000AC3C456504DB5AC044A68ABC92824240
282,282,08,03015,0803015,Aristocrat Ranchettes,Aristocrat Ranchettes CDP,10803015,-104.755,40.1096,0101000020AD1000009BF75B1851305AC0B9115E61070E4440
283,283,08,03730,0803730,Aspen Park,Aspen Park CDP,10803730,-105.297,39.5423,0101000020AD1000008A8D753AFF525AC060DD8FD46AC54340
284,284,08,03840,0803840,Atwood,Atwood CDP,10803840,-103.275,40.5505,0101000020AD1000000A0ED40493D159C0EA60320376464440
285,285,08,04165,0804165,Avondale,Avondale CDP,10804165,-104.343,38.2351,0101000020AD100000E7384429FB155AC061767AC9181E4340
286,286,08,04620,0804620,Bark Ranch,Bark Ranch CDP,10804620,-105.442,40.1156,0101000020AD1000005A7724BF445C5AC0B9FFC4D4CA0E4440
287,287,08,05120,0805120,Battlement Mesa,Battlement Mesa CDP,10805120,-108.007,39.4505,0101000020AD100000FE4D7A006F005BC08FCCFDBEA8B94340
288,288,08,06172,0806172,Berkley,Berkley CDP,10806172,-105.028,39.8045,0101000020AD100000672EAA01CE415AC082CE3C24F9E64340
289,289,08,06602,0806602,Beulah Valley,Beulah Valley CDP,10806602,-104.979,38.0665,0101000020AD100000D05D2545A03E5AC0C55DC14182084340
290,290,08,06970,0806970,Black Forest,Black Forest CDP,10806970,-104.675,39.0609,0101000020AD100000261B0B31372B5AC012CF41FCC9874340
291,291,08,07245,0807245,Blende,Blende CDP,10807245,-104.569,38.2469,0101000020AD1000007AC45ACB6D245AC0FB1051159A1F4340
292,292,08,07420,0807420,Blue Sky,Blue Sky CDP,10807420,-103.806,40.3001,0101000020AD100000945D8FC68DF359C086FAD97E69264440
293,293,08,07580,0807580,Bonanza Mountain Estates,Bonanza Mountain Estates CDP,10807580,-105.48,39.9769,0101000020AD1000000EC22B64B15E5AC0EA7F2BBE0AFD4340
294,294,08,08290,0808290,Brandon,Brandon CDP,10808290,-102.441,38.4464,0101000020AD1000002621C1E13B9C59C03F32449E23394340
295,295,08,08530,0808530,Brick Center,Brick Center CDP,10808530,-104.458,39.6,0101000020AD100000886AC2CE4E1D5AC0A4A24684CDCC4340
296,296,08,10985,0810985,Byers,Byers CDP,10810985,-104.219,39.7101,0101000020AD1000009A34C81C030E5AC0983570B6E3DA4340
297,297,08,11975,0811975,Capulin,Capulin CDP,10811975,-106.105,37.2819,0101000020AD1000004E025771B7865AC02F93B8D314A44240
298,298,08,12325,0812325,Cascade-Chipita Park,Cascade-Chipita Park CDP,10812325,-105.002,38.9433,0101000020AD1000005B7E021128405AC039E2F31CBE784340
299,299,08,12393,0812393,Castle Pines Village,Castle Pines Village CDP,10812393,-104.897,39.4421,0101000020AD100000225216E96A395AC0D6CAD93495B84340
300,300,08,12450,0812450,Cathedral,Cathedral CDP,10812450,-107.031,38.0836,0101000020AD10000083FD5C90F6C15AC0A0DDF9C6B40A4340
301,301,08,12460,0812460,Catherine,Catherine CDP,10812460,-107.133,39.4016,0101000020AD100000AC74B1D982C85AC0A2A0C93F69B34340
302,302,08,12470,0812470,Cattle Creek,Cattle Creek CDP,10812470,-107.26,39.4666,0101000020AD1000007CC3857AA2D05AC0250361A6BABB4340
303,303,08,12945,0812945,Chacra,Chacra CDP,10812945,-107.451,39.577,0101000020AD10000004BA978CDBDC5AC0D7A713E7DAC94340
304,304,08,13590,0813590,Cherry Creek,Cherry Creek CDP,10813590,-104.864,39.6094,0101000020AD100000A93CD91D53375AC014B4DFA701CE4340
305,305,08,14587,0814587,Cimarron Hills,Cimarron Hills CDP,10814587,-104.7,38.859,0101000020AD1000005EE4F2E3C42C5AC0D4C32D4DF46D4340
306,306,08,15165,0815165,Clifton,Clifton CDP,10815165,-108.461,39.0763,0101000020AD100000C40C5A697B1D5BC0CC08A86DC5894340
307,307,08,15302,0815302,Coal Creek,Coal Creek CDP,10815302,-105.38,39.9071,0101000020AD10000022BCCC6650585AC001F9F8E91BF44340
308,308,08,15440,0815440,Coaldale,Coaldale CDP,10815440,-105.815,38.3563,0101000020AD100000578E9D8730745AC0358DCAEE9A2D4340
309,309,08,15825,0815825,Colona,Colona CDP,10815825,-107.779,38.3275,0101000020AD100000BFD30226E0F15AC086987CD8EB294340
310,310,08,15935,0815935,Colorado City,Colorado City CDP,10815935,-104.846,37.9365,0101000020AD10000064F21B0623365AC030C5FC15E0F74240
311,311,08,16110,0816110,Columbine,Columbine CDP,10816110,-105.069,39.5879,0101000020AD100000A07CAAB470445AC0FF46B6323FCB4340
312,312,08,16465,0816465,Comanche Creek,Comanche Creek CDP,10816465,-104.327,39.6151,0101000020AD10000098AC5A7CE9145AC0650C6EAEBACE4340
313,313,08,16715,0816715,Conejos,Conejos CDP,10816715,-106.016,37.0873,0101000020AD100000105BB80706815AC031A6C53D2B8B4240
314,314,08,17150,0817150,Copper Mountain,Copper Mountain CDP,10817150,-106.201,39.4769,0101000020AD100000059E421BDF8C5AC0525650170BBD4340
315,315,08,17485,0817485,Cotopaxi,Cotopaxi CDP,10817485,-105.691,38.3739,0101000020AD1000006ED11387366C5AC06F15C453DD2F4340
316,316,08,18585,0818585,Crisman,Crisman CDP,10818585,-105.367,40.0416,0101000020AD100000B49D7D2C83575AC0AA0118B854054440
317,317,08,19150,0819150,Dakota Ridge,Dakota Ridge CDP,10819150,-105.134,39.6194,0101000020AD1000007CE36ECB94485AC021CB2DC148CF4340
318,318,08,20275,0820275,Derby,Derby CDP,10820275,-104.917,39.8403,0101000020AD1000002CFD94B2AC3A5AC016CA799C8EEB4340
319,319,08,20605,0820605,Divide,Divide CDP,10820605,-105.162,38.945,0101000020AD100000CFC7CA605D4A5AC020D6A6F6F5784340
320,320,08,21155,0821155,Dotsero,Dotsero CDP,10821155,-107.054,39.6463,0101000020AD100000E1F26CB775C35AC0C3980F3DBBD24340
321,321,08,21330,0821330,Dove Valley,Dove Valley CDP,10821330,-104.828,39.5745,0101000020AD1000002F0684CAFA345AC05B507FB08AC94340
322,322,08,21390,0821390,Downieville-Lawson-Dumont,Downieville-Lawson-Dumont CDP,10821390,-105.613,39.7662,0101000020AD100000EF4A449E34675AC05E02DA5A14E24340
323,323,08,22575,0822575,East Pleasant View,East Pleasant View CDP,10822575,-105.157,39.7278,0101000020AD100000217857F60E4A5AC0EA4788F128DD4340
324,324,08,23300,0823300,Edwards,Edwards CDP,10823300,-106.618,39.6215,0101000020AD100000D574F0C791A75AC0875DC6458DCF4340
325,325,08,23520,0823520,Elbert,Elbert CDP,10823520,-104.54,39.2189,0101000020AD100000CFCB38A096225AC0A9F27B7A039C4340
326,326,08,23575,0823575,Eldora,Eldora CDP,10823575,-105.578,39.9536,0101000020AD1000001F1E9175FE645AC0B12B78A30FFA4340
327,327,08,23630,0823630,Eldorado Springs,Eldorado Springs CDP,10823630,-105.262,39.9367,0101000020AD1000003D18C3AECC505AC05C8AF571E6F74340
328,328,08,23795,0823795,El Jebel,El Jebel CDP,10823795,-107.092,39.4051,0101000020AD1000001EFCEC2BE4C55AC07E77DD8FD9B34340
329,329,08,24235,0824235,Ellicott,Ellicott CDP,10824235,-104.383,38.8256,0101000020AD100000037CA30A81185AC0A878ACF0AC694340
330,330,08,24290,0824290,El Moro,El Moro CDP,10824290,-104.449,37.2349,0101000020AD10000063FCC1FABE1C5AC06D2834B9129E4240
331,331,08,25390,0825390,Evergreen,Evergreen CDP,10825390,-105.336,39.6349,0101000020AD100000C8E7D7CE79555AC0EC5B655044D14340
332,332,08,25550,0825550,Fairmount,Fairmount CDP,10825550,-105.171,39.7931,0101000020AD1000009BCD1ECBF44A5AC034D111B683E54340
333,333,08,27095,0827095,Florissant,Florissant CDP,10827095,-105.29,38.9446,0101000020AD1000006550BB398D525AC0C02EB23FE7784340
334,334,08,27175,0827175,Floyd Hill,Floyd Hill CDP,10827175,-105.431,39.7241,0101000020AD10000003BC0A708E5B5AC048124D34AFDC4340
335,335,08,27370,0827370,Fort Carson,Fort Carson CDP,10827370,-104.784,38.7403,0101000020AD1000001BC5110C26325AC0B08C859EC15E4340
336,336,08,27535,0827535,Fort Garland,Fort Garland CDP,10827535,-105.435,37.4279,0101000020AD100000C05FD429D75B5AC0AFA231F4C5B64240
337,337,08,28250,0828250,Franktown,Franktown CDP,10828250,-104.749,39.3905,0101000020AD100000C5E9AF16EA2F5AC0DC2AC613FDB14340
338,338,08,28800,0828800,Fruitvale,Fruitvale CDP,10828800,-108.479,39.0933,0101000020AD10000033D96F79A61E5BC09E25746DF08B4340
339,339,08,28830,0828830,Fulford,Fulford CDP,10828830,-106.657,39.5166,0101000020AD1000003C96303414AA5AC00FFD87BF1EC24340
340,340,08,29295,0829295,Garfield,Garfield CDP,10829295,-106.289,38.5492,0101000020AD1000007C5BFEB984925AC05EA82E144C464340
341,341,08,29625,0829625,Genesee,Genesee CDP,10829625,-105.272,39.6873,0101000020AD1000006825024C66515AC0E063E0F3F9D74340
342,342,08,29845,0829845,Gerrard,Gerrard CDP,10829845,-106.575,37.6784,0101000020AD100000C17405C9D0A45AC0EC23D130D4D64240
343,343,08,30350,0830350,Glendale,Glendale CDP,10830350,-105.372,40.0869,0101000020AD100000FB94BC68C7575AC05F345EE71F0B4440
344,344,08,30420,0830420,Gleneagle,Gleneagle CDP,10830420,-104.829,39.0452,0101000020AD100000E3DDD1C40A355AC04C955664CA854340
345,345,08,30890,0830890,Goldfield,Goldfield CDP,10830890,-105.125,38.7176,0101000020AD100000CECD5C5D05485AC0D48E64C9DB5B4340
346,346,08,30945,0830945,Gold Hill,Gold Hill CDP,10830945,-105.419,40.0597,0101000020AD1000001F209897CF5A5AC03C706B56A5074440
347,347,08,31935,0831935,Grand View Estates,Grand View Estates CDP,10831935,-104.819,39.5439,0101000020AD100000122AAA9D68345AC0325A75CC9FC54340
348,348,08,33420,0833420,Guffey,Guffey CDP,10833420,-105.502,38.7591,0101000020AD10000033C8D6C527605AC0A4AE8EAC2A614340
349,349,08,33502,0833502,Gunbarrel,Gunbarrel CDP,10833502,-105.171,40.0634,0101000020AD10000038546394F34A5AC0AADB32E31B084440
350,350,08,34685,0834685,Hasty,Hasty CDP,10834685,-102.956,38.1066,0101000020AD100000D8A26FD931BD59C0A8A4059DA30D4340
351,351,08,35400,0835400,Heeney,Heeney CDP,10835400,-106.3,39.8711,0101000020AD1000004DC89B5F34935AC0AB7B61707FEF4340
352,352,08,35860,0835860,Hidden Lake,Hidden Lake CDP,10835860,-105.478,40.1055,0101000020AD100000E86B8606935E5AC0C33B309C810D4440
353,353,08,36410,0836410,Highlands Ranch,Highlands Ranch CDP,10836410,-104.971,39.5419,0101000020AD100000C09C0C24213E5AC0344726305EC54340
354,354,08,36940,0836940,Hoehne,Hoehne CDP,10836940,-104.389,37.2814,0101000020AD1000000E9A35D4E6185AC06580CD8406A44240
355,355,08,37220,0837220,Holly Hills,Holly Hills CDP,10837220,-104.922,39.6678,0101000020AD100000CF4B809AFD3A5AC043EE50B479D54340
356,356,08,37655,0837655,Howard,Howard CDP,10837655,-105.842,38.4098,0101000020AD1000003CB5ECE8E9755AC0DA11FDDE72344340
357,357,08,38425,0838425,Idalia,Idalia CDP,10838425,-102.294,39.7029,0101000020AD1000000E580910CE9259C09C459B2DF9D94340
358,358,08,38480,0838480,Idledale,Idledale CDP,10838480,-105.243,39.6689,0101000020AD100000ED4F7371904F5AC0A9A8DA6C9FD54340
359,359,08,38810,0838810,Indian Hills,Indian Hills CDP,10838810,-105.251,39.6294,0101000020AD100000A9A6F2BC0D505AC06177357191D04340
360,360,08,38910,0838910,Inverness,Inverness CDP,10838910,-104.862,39.5797,0101000020AD100000B389B7C831375AC0BE0BC12032CA4340
361,361,08,39160,0839160,Jackson Lake,Jackson Lake CDP,10839160,-104.071,40.3757,0101000020AD100000F09288468E045AC0FA1B630417304440
362,362,08,39250,0839250,Jansen,Jansen CDP,10839250,-104.55,37.1582,0101000020AD100000971FBFF834235AC0B6A171863E944240
363,363,08,39745,0839745,Joes,Joes CDP,10839745,-102.678,39.6559,0101000020AD100000F30364756CAB59C01DDF20F6F5D34340
364,364,08,39800,0839800,Johnson Village,Johnson Village CDP,10839800,-106.107,38.8119,0101000020AD1000002D0042EBDA865AC0BB4AD728EC674340
365,365,08,40377,0840377,Ken Caryl,Ken Caryl CDP,10840377,-105.114,39.5768,0101000020AD100000736566EA47475AC0799C9CDBD5C94340
366,366,08,40550,0840550,Keystone,Keystone CDP,10840550,-105.938,39.5901,0101000020AD1000005255BE990D7C5AC045FC313287CB4340
367,367,08,40900,0840900,Kirk,Kirk CDP,10840900,-102.592,39.6127,0101000020AD1000003FCB413DE3A559C0A0A59A986CCE4340
368,368,08,41065,0841065,Kittredge,Kittredge CDP,10841065,-105.305,39.6593,0101000020AD100000F0B8F23C7D535AC0554868DD63D44340
369,369,08,42000,0842000,Laird,Laird CDP,10842000,-102.102,40.0818,0101000020AD100000F5258C7E858659C05F617B76780A4440
370,370,08,42165,0842165,La Junta Gardens,La Junta Gardens CDP,10842165,-103.555,38.0014,0101000020AD100000570212AB82E359C0D1BC15332C004340
371,371,08,43220,0843220,Laporte,Laporte CDP,10843220,-105.144,40.6385,0101000020AD1000004BF707FF3C495AC08DA1898EBA514440
372,372,08,44270,0844270,Lazy Acres,Lazy Acres CDP,10844270,-105.331,40.0837,0101000020AD100000289AF17733555AC0F58C2198B60A4440
373,373,08,44375,0844375,Leadville North,Leadville North CDP,10844375,-106.311,39.2605,0101000020AD1000007A91C6DEE9935AC02FAF51BA56A14340
374,374,08,44595,0844595,Lewis,Lewis CDP,10844595,-108.66,37.5017,0101000020AD10000074225B693E2A5BC01E929D3638C04240
375,375,08,44695,0844695,Leyner,Leyner CDP,10844695,-105.107,40.0511,0101000020AD1000002FE8D249E0465AC063CA8C9F8B064440
376,376,08,45145,0845145,Lincoln Park,Lincoln Park CDP,10845145,-105.213,38.4255,0101000020AD1000008815F490A24D5AC09B0FCE8476364340
377,377,08,45680,0845680,Loghill Village,Loghill Village CDP,10845680,-107.779,38.1962,0101000020AD10000000A0613ADAF15AC021A9078D1C194340
378,378,08,45750,0845750,Loma,Loma CDP,10845750,-108.805,39.2075,0101000020AD100000DCCECC7E85335BC0CC0890CF8F9A4340
379,379,08,46410,0846410,Louviers,Louviers CDP,10846410,-105.003,39.4799,0101000020AD1000008FEAB9BA36405AC000DFAB416CBD4340
380,380,08,47015,0847015,Lynn,Lynn CDP,10847015,-104.643,37.4219,0101000020AD10000063E2F0E927295AC0C2F8E81C01B64240
381,381,08,47345,0847345,McCoy,McCoy CDP,10847345,-106.726,39.9144,0101000020AD10000068C1653E72AE5AC0DAA448770AF54340
382,382,08,49325,0849325,Maybell,Maybell CDP,10849325,-108.089,40.519,0101000020AD100000EBFD212FAF055BC0DE97D5E76D424440
383,383,08,49490,0849490,Maysville,Maysville CDP,10849490,-106.216,38.5305,0101000020AD1000008087C867CC8D5AC015624619E6434340
384,384,08,50012,0850012,Meridian,Meridian CDP,10850012,-104.847,39.5388,0101000020AD10000037C401FF3C365AC038F7544CF7C44340
385,385,08,50380,0850380,Midland,Midland CDP,10850380,-105.158,38.8468,0101000020AD1000008378C18D1A4A5AC079422DB7646C4340
386,386,08,51975,0851975,Morgan Heights,Morgan Heights CDP,10851975,-103.827,40.2875,0101000020AD10000023B65FDEF4F459C0D3FF498BCC244440
387,387,08,52210,0852210,Mountain Meadows,Mountain Meadows CDP,10852210,-105.383,40.027,0101000020AD10000010E8124F85585AC0776612FF75034440
388,388,08,52820,0852820,Mulford,Mulford CDP,10852820,-107.166,39.4064,0101000020AD100000610CD4889FCA5AC0AA43E57003B44340
389,389,08,53780,0853780,Niwot,Niwot CDP,10853780,-105.155,40.098,0101000020AD1000002E815866EF495AC05AC597448B0C4440
390,390,08,53875,0853875,No Name,No Name CDP,10853875,-107.293,39.5597,0101000020AD1000003AE5BA7DBDD25AC05CDD05DAA4C74340
391,391,08,53945,0853945,Norrie,Norrie CDP,10853945,-106.656,39.3281,0101000020AD100000230C7A6B00AA5AC012E2003800AA4340
392,392,08,54495,0854495,North La Junta,North La Junta CDP,10854495,-103.523,37.9985,0101000020AD100000A20F28D673E159C07F7DFE84CFFF4240
393,393,08,54750,0854750,North Washington,North Washington CDP,10854750,-104.979,39.8085,0101000020AD100000FCC30A16AC3E5AC07CE4001B7CE74340
394,394,08,55925,0855925,Orchard,Orchard CDP,10855925,-104.118,40.332,0101000020AD1000008C72B0048A075AC04FC5E0027F2A4440
395,395,08,56035,0856035,Orchard Mesa,Orchard Mesa CDP,10856035,-108.517,39.0364,0101000020AD1000005ED7A09E13215BC0A7AF7662A8844340
396,396,08,56695,0856695,Padroni,Padroni CDP,10856695,-103.173,40.7818,0101000020AD1000001671034B17CB59C0E5BC0D7B12644440
397,397,08,57445,0857445,Paragon Estates,Paragon Estates CDP,10857445,-105.181,39.9802,0101000020AD100000EDEBF5C0994B5AC0063979EB75FD4340
398,398,08,57850,0857850,Parshall,Parshall CDP,10857850,-106.176,40.0556,0101000020AD10000018E8DB83438B5AC03E01EEAA1C074440
399,399,08,58400,0858400,Penrose,Penrose CDP,10858400,-105,38.4213,0101000020AD1000008C540E9E06405AC090B0DE1FED354340
400,400,08,58510,0858510,Peoria,Peoria CDP,10858510,-104.146,39.665,0101000020AD100000F4EA019351095AC0DA042B2E1ED54340
401,401,08,58592,0858592,Perry Park,Perry Park CDP,10858592,-104.982,39.2595,0101000020AD100000F9C54D8EDF3E5AC06A551CA738A14340
402,402,08,58675,0858675,Peyton,Peyton CDP,10858675,-104.49,39.033,0101000020AD100000B17BEFBE621F5AC05FBB73A638844340
403,403,08,58785,0858785,Phippsburg,Phippsburg CDP,10858785,-106.951,40.2301,0101000020AD1000005089FBD8D9BC5AC036BE8A33751D4440
404,404,08,58960,0858960,Piedra,Piedra CDP,10858960,-107.168,37.4418,0101000020AD1000004B48EB7DC7CA5AC0A6E6EEB68CB84240
405,405,08,59240,0859240,Pine Brook Hill,Pine Brook Hill CDP,10859240,-105.31,40.0473,0101000020AD100000871C1FBCD9535AC07ACEC6E60C064440
406,406,08,60655,0860655,Ponderosa Park,Ponderosa Park CDP,10860655,-104.636,39.3987,0101000020AD1000007FC3CD97AC285AC03DBE1BC209B34340
407,407,08,60765,0860765,Portland,Portland CDP,10860765,-107.695,38.0892,0101000020AD100000E7F2DAB77EEC5AC0691EB39B6B0B4340
408,408,08,62220,0862220,Pueblo West,Pueblo West CDP,10862220,-104.727,38.3551,0101000020AD100000EEF6E406802E5AC0552BB486732D4340
409,409,08,63320,0863320,Red Feather Lakes,Red Feather Lakes CDP,10863320,-105.586,40.8071,0101000020AD100000704E140A88655AC01807F22250674440
410,410,08,63375,0863375,Redlands,Redlands CDP,10863375,-108.658,39.0878,0101000020AD100000DA75FA06182A5BC0F72404453C8B4340
411,411,08,63650,0863650,Redstone,Redstone CDP,10863650,-107.241,39.184,0101000020AD1000007F52A2EA65CF5AC0DF7D9CBC8C974340
412,412,08,63705,0863705,Redvale,Redvale CDP,10863705,-108.413,38.1761,0101000020AD1000008137ED90661A5BC075103E4389164340
413,413,08,64870,0864870,Rock Creek Park,Rock Creek Park CDP,10864870,-104.835,38.7011,0101000020AD100000CABD97C36B355AC01B131597BC594340
414,414,08,65685,0865685,Rollinsville,Rollinsville CDP,10865685,-105.514,39.9232,0101000020AD1000003EA4F404DE605AC0DA72FBFD2AF64340
415,415,08,66197,0866197,Roxborough Park,Roxborough Park CDP,10866197,-105.075,39.4492,0101000020AD1000000EE9AFBBC6445AC028A0B81D7FB94340
416,416,08,66995,0866995,Saddle Ridge,Saddle Ridge CDP,10866995,-103.802,40.3131,0101000020AD100000C1F43AD458F359C091383DB812284440
417,417,08,67040,0867040,St. Ann Highlands,St. Ann Highlands CDP,10867040,-105.456,39.9873,0101000020AD1000008EED07ED2B5D5AC0C2A3A5BF5FFE4340
418,418,08,67142,0867142,St. Mary's,St. Mary's CDP,10867142,-105.648,39.8163,0101000020AD100000372FE5ED76695AC0B660AF057CE84340
419,419,08,67445,0867445,Salt Creek,Salt Creek CDP,10867445,-104.588,38.2389,0101000020AD10000035330FE0A4255AC01B91FE90951E4340
420,420,08,67500,0867500,San Acacio,San Acacio CDP,10867500,-105.567,37.2086,0101000020AD1000006CEE5BCD43645AC0EE62C885B49A4240
421,421,08,68847,0868847,Security-Widefield,Security-Widefield CDP,10868847,-104.714,38.7485,0101000020AD100000FADCBC0DB02D5AC0DE28CF36CF5F4340
422,422,08,68875,0868875,Sedalia,Sedalia CDP,10868875,-104.97,39.4397,0101000020AD100000C901E000133E5AC05F89063F48B84340
423,423,08,68985,0868985,Segundo,Segundo CDP,10868985,-104.74,37.1225,0101000020AD1000001F52C0DF572F5AC0FBA350B4AE8F4240
424,424,08,69110,0869110,Seven Hills,Seven Hills CDP,10869110,-105.332,40.036,0101000020AD100000364EB8BC44555AC05BE429939C044440
425,425,08,69480,0869480,Shaw Heights,Shaw Heights CDP,10869480,-105.039,39.8566,0101000020AD10000081E3902D80425AC020103CA5A5ED4340
426,426,08,69810,0869810,Sherrelwood,Sherrelwood CDP,10869810,-105.001,39.8389,0101000020AD10000043ABF85E16405AC032353A5962EB4340
427,427,08,71625,0871625,Smeltertown,Smeltertown CDP,10871625,-106.008,38.5523,0101000020AD1000001070F2E689805AC01E75DB7FB2464340
428,428,08,71790,0871790,Snyder,Snyder CDP,10871790,-103.592,40.3308,0101000020AD1000007A0A39D9E2E559C0EBBD9575582A4440
429,429,08,72320,0872320,Southern Ute,Southern Ute CDP,10872320,-107.593,37.0749,0101000020AD10000074023DC7F8E55AC0DE8E292D96894240
430,430,08,74080,0874080,Stonegate,Stonegate CDP,10874080,-104.804,39.5355,0101000020AD10000090D6F0C86F335AC028F902768AC44340
431,431,08,74275,0874275,Stonewall Gap,Stonewall Gap CDP,10874275,-105.034,37.1605,0101000020AD100000CB89CC5C30425AC07C9544678A944240
432,432,08,74375,0874375,Strasburg,Strasburg CDP,10874375,-104.319,39.7181,0101000020AD100000D8C9D36F72145AC016F119F2E9DB4340
433,433,08,74430,0874430,Stratmoor,Stratmoor CDP,10874430,-104.779,38.7727,0101000020AD100000A952637FD5315AC00B7AE421E7624340
434,434,08,74980,0874980,Sugarloaf,Sugarloaf CDP,10874980,-105.408,40.0189,0101000020AD100000465D503F175A5AC0B707C37A6A024440
435,435,08,75585,0875585,Sunshine,Sunshine CDP,10875585,-105.37,40.0637,0101000020AD1000008C95A351A7575AC09C167BC625084440
436,436,08,76190,0876190,Tabernash,Tabernash CDP,10876190,-105.844,39.9788,0101000020AD10000081770C2A0A765AC09D1815CC4AFD4340
437,437,08,76325,0876325,Tall Timber,Tall Timber CDP,10876325,-105.35,40.0151,0101000020AD100000BFEEA87A63565AC07959F26AF0014440
438,438,08,77235,0877235,The Pinery,The Pinery CDP,10877235,-104.759,39.4462,0101000020AD100000D5CE044195305AC0424BF1491CB94340
439,439,08,77757,0877757,Todd Creek,Todd Creek CDP,10877757,-104.873,39.9795,0101000020AD100000A947810BD9375AC0A5CDB1AA5FFD4340
440,440,08,78280,0878280,Towaoc,Towaoc CDP,10878280,-108.726,37.2126,0101000020AD10000055B159587E2E5BC0CE18FF80369B4240
441,441,08,78335,0878335,Towner,Towner CDP,10878335,-102.08,38.4704,0101000020AD100000B6DC172B268559C0E291C40F363C4340
442,442,08,78345,0878345,Trail Side,Trail Side CDP,10878345,-103.843,40.249,0101000020AD100000D8773807F7F559C0B30C6F85E01F4440
443,443,08,79100,0879100,Twin Lakes,Twin Lakes CDP,10879100,-105.004,39.8229,0101000020AD100000C1E47F3B3B405AC098EDA37653E94340
444,444,08,79105,0879105,Twin Lakes,Twin Lakes CDP,10879105,-106.319,39.1037,0101000020AD100000775BAF4D6A945AC036A28758468D4340
445,445,08,79785,0879785,Upper Bear Creek,Upper Bear Creek CDP,10879785,-105.415,39.6319,0101000020AD1000006D26A0F9955A5AC06C35DE9FE0D04340
446,446,08,80095,0880095,Valdez,Valdez CDP,10880095,-104.679,37.1239,0101000020AD100000FAFE8A917B2B5AC00764DC81DB8F4240
447,447,08,80370,0880370,Valmont,Valmont CDP,10880370,-105.206,40.0342,0101000020AD100000F4453EAD2D4D5AC07D84F3965F044440
448,448,08,80755,0880755,Vernon,Vernon CDP,10880755,-102.307,39.94,0101000020AD1000009826BB9FAB9359C06F5DC96050F84340
449,449,08,81305,0881305,Vineland,Vineland CDP,10881305,-104.46,38.2447,0101000020AD10000092AA38716E1D5AC043DE428F531F4340
450,450,08,82900,0882900,Watkins,Watkins CDP,10882900,-104.579,39.6971,0101000020AD10000004A2880E08255AC0CC6BB4E43BD94340
451,451,08,83120,0883120,Welby,Welby CDP,10883120,-104.965,39.8403,0101000020AD100000716D05FBC93D5AC080ED06FA8DEB4340
452,452,08,83175,0883175,Weldona,Weldona CDP,10883175,-103.969,40.3484,0101000020AD10000057AE1F130AFE59C05D1510A1982C4440
453,453,08,83500,0883500,Westcreek,Westcreek CDP,10883500,-105.163,39.1499,0101000020AD1000004183973B684A5AC0726AC2982E934340
454,454,08,84000,0884000,Weston,Weston CDP,10884000,-104.868,37.1459,0101000020AD100000F3AEC8FD91375AC0B66720A2AD924240
455,455,08,84042,0884042,West Pleasant View,West Pleasant View CDP,10884042,-105.179,39.7323,0101000020AD100000A7F47992734B5AC0B6D4F9C6BCDD4340
456,456,08,85760,0885760,Wolcott,Wolcott CDP,10885760,-106.68,39.7035,0101000020AD100000D5AE542884AB5AC01F807EBB0ADA4340
457,457,08,86117,0886117,Woodmoor,Woodmoor CDP,10886117,-104.846,39.1063,0101000020AD100000BC1190C21E365AC004895B509A8D4340
458,458,08,86200,0886200,Woody Creek,Woody Creek CDP,10886200,-106.888,39.2709,0101000020AD1000009D973E6DDAB85AC057544DF9ABA24340
